game_a,text_a,level_id_a,game_b,text_b,level_id_b
the_legend_of_zelda,waterfloor zigzag path through floor grid,192,super_mario_bros,ground with pipe on right and stepped breakable block pillars on left,9
dungeon,central cross path with scattered bats and surrounding walls,37,super_mario_bros,two separated ground platforms with goomba on left and coins at edges,145
the_legend_of_zelda,square floor room with central blocks and side doors,168,super_mario_bros,two elevated ground platforms with goomba on top and coins upper right,528
lode_runner,ground border diggable ground central block ladders right and top rope top gold scattered enemy,249,dungeon,walls form central blocks with bats clustered in lower left and right,257
dungeon,walls form central open area with bats around edges and bottom path,122,the_legend_of_zelda,floor with diagonal wall zigzag in right half,175
super_mario_bros,rising ground staircase slope with left floating ground platform,206,the_legend_of_zelda,checkerboard floor with four block diamond clusters near center,401
dungeon,cross shaped wall with bats around and open path edges,227,the_legend_of_zelda,central floor with scattered blocks and surrounding wall,366
the_legend_of_zelda,floor with diagonal wall zigzag in right half,175,dungeon,walls form central block with right looped path and scattered bats,197
lode_runner,ground maze with ladders ropes gold scattered enemy top center,451,dungeon,bats clustered in top center above scattered wall blocks and open paths,340
super_mario_bros,flat ground platform with three goomba spaced across,382,dungeon,scattered wall blocks with bats across open paths,348
the_legend_of_zelda,large open floor room surrounded by wall with two door openings left and right,265,lode_runner,ground border diggable ground center ladder right rope none gold scattered enemy left,125
the_legend_of_zelda,rectangular wall border with inner water pool surrounded by floor corridor and side doors,80,lode_runner,ground maze left diggable ground right ladder center rope right gold left enemy top right,92
super_mario_bros,scattered ground platforms with a pipe on left and a cannon on right,390,dungeon,central open area with surrounding wall blocks and bats along edges and paths,253
lode_runner,ground bottom band diggable ground central blocks gold scattered mid enemy pink left mid rope top,338,dungeon,grid of wall blocks with scattered bats and narrow paths,176
lode_runner,ground border diggable ground left wall platforms gold scattered upper mid enemy mid rope top ladder,344,super_mario_bros,two pipes on ground with goombas and small breakable block platforms above,268
the_legend_of_zelda,square floor room with central block cluster and surrounding wall,456,dungeon,spiral wall path with bats clustered on right side,156
the_legend_of_zelda,central stair with scattered blocks on floor inside surrounding wall,238,dungeon,bats clustered along left wall with winding path to right,322
the_legend_of_zelda,square floor room with two monsters centered and doors top bottom,241,lode_runner,ground left platforms diggable ground right wall ladder center rope none gold top left enemy center,407
dungeon,walls form scattered blocks with winding paths between them,298,super_mario_bros,flat ground with three pipes and scattered goombas and a question block overhead,275
the_legend_of_zelda,square floor bordered by wall with central stair,354,lode_runner,ground border maze diggable ground corridors ladders right gold scattered enemy none,19
dungeon,walls form scattered blocks with bats on them and winding paths between,355,lode_runner,ground bottom band ladder right edge gold scattered mid enemypink person left mid,271
the_legend_of_zelda,open floor room with two monsters centered and door at bottom,207,dungeon,bats clustered along right wall with central winding path,48
dungeon,two bat clusters separated by central path corridors and surrounding wall blocks,132,the_legend_of_zelda,diagonal wall band across floor with doors top and bottom,480
super_mario_bros,ground left and bottom with scattered breakable block platforms and coin cluster,40,the_legend_of_zelda,square wall border with large central floor area and left door,489
the_legend_of_zelda,square floor room with four monsters near corners and side doors,418,lode_runner,ground bottom right ladders right rope mid gold upper right enemy left,343
dungeon,two bat clusters separated by central path corridors and surrounding wall blocks,132,the_legend_of_zelda,large floor room with central wall pillar and two side doors,319
dungeon,path forms t shape walls with bat clusters in corners,318,super_mario_bros,flat ground with two goomba between two pipe,433
lode_runner,ground border maze diggable ground corridors ladders right gold scattered enemy none,19,the_legend_of_zelda,spiral wall corridor with waterfloor channel inside,294
dungeon,walls form central blocks with bats clustered in lower left and right,257,the_legend_of_zelda,three vertical floor corridors separated by wall blocks,518
super_mario_bros,staircase breakable block pyramid on ground with goomba right,371,dungeon,walls form e shape with bats scattered along paths,236
lode_runner,ground bottom left slope diggable ground above ladder center rope top gold scattered enemy none,421,super_mario_bros,ground forms u shaped pit with goombas on top and lone breakable block above,501
dungeon,walls form central spiral path with bats scattered throughout,16,the_legend_of_zelda,waterfloor zigzag river through central floor with surrounding wall,427
dungeon,central winding path with scattered bats and surrounding wall blocks,555,the_legend_of_zelda,square floor arena with central block ring and four side doors,310
dungeon,walls form central block with paths around and bats clustered top and right,20,the_legend_of_zelda,large open floor room enclosed by wall with single door bottom,58
the_legend_of_zelda,ring wall corridor with monsters clustered center,417,dungeon,walls form central open area with bats around edges and bottom path,122
lode_runner,ground bottom band ladder right edge gold scattered mid enemypink person left mid,271,super_mario_bros,ground platform with left ledge and central vertical wall goomba pair,33
super_mario_bros,three brick platforms scattered upper right and center with small lower center block and coins left and,161,the_legend_of_zelda,spiral wall corridor with waterfloor channel inside,294
lode_runner,ground bottom band diggable ground right block ladder center rope left gold scattered enemy upper right,363,super_mario_bros,three separated ground platforms with coins above and between,251
the_legend_of_zelda,ring wall corridor with monsters clustered center,417,dungeon,wall maze with central path and bats scattered throughout,53
super_mario_bros,ground across bottom with goomba left and question block row above,393,the_legend_of_zelda,waterfloor spiral around central blocks within outer wall ring,105
the_legend_of_zelda,floor ring around central block with left door,326,lode_runner,ground border diggable ground right column gold top center enemy mid right ladder left rope top,7
the_legend_of_zelda,rectangular wall border with inner water pool surrounded by floor corridor and side doors,80,dungeon,bats clustered along left wall with winding path to right,322
dungeon,walls form scattered blocks with bats along paths around center,102,lode_runner,ground bottom left ladder center gold scattered upper right enemypink person,436
lode_runner,ground bottom band ladder center gold left enemypink person upper center diggable ground,320,the_legend_of_zelda,large square floor room enclosed by wall with central stair,255
the_legend_of_zelda,waterfloor maze corridors around central blocks with doors north south,419,super_mario_bros,staggered brick platforms with question blocks left and tall brick wall right,173
dungeon,scattered wall blocks with bats along narrow paths,414,the_legend_of_zelda,square floor room with four blocks and one door south,545
dungeon,spiral wall path with bats around edges and one central bat,189,super_mario_bros,staircase ground rising to right then flat ground,443
the_legend_of_zelda,open floor with scattered blocks and one door on left,135,super_mario_bros,ground forms left wall and bottom floor with small step on right,328
lode_runner,ground bottom left ladder far left gold scattered mid and top enemy center,512,super_mario_bros,staircase ground rising left to right with question block row and goomba on right,337
the_legend_of_zelda,open floor with diagonal block line and scattered blocks,426,super_mario_bros,ground with long breakable block platform top center and small breakable block ledge right,502
the_legend_of_zelda,diagonal wall band across floor with doors top and bottom,480,super_mario_bros,ground valley with left pipe and right stepped ground wall,289
dungeon,walls form scattered blocks with winding paths between them,57,super_mario_bros,ground platform center with upper left breakable block row and upper right coin row,486
the_legend_of_zelda,large open floor with wall border and right side block cluster near door,525,super_mario_bros,flat ground with scattered goomba and pipe at right,151
the_legend_of_zelda,square wall ring with central water corridor,537,lode_runner,ground bottom left slope diggable ground above ladder center rope top gold scattered enemy none,421
lode_runner,ground bottom band diggable ground left mass ladder left rope mid gold scattered enemy center,111,the_legend_of_zelda,floor ring around central block with left door,326
super_mario_bros,flat ground with tall pipe right and two question block rows left,461,dungeon,walls form maze paths with bats clustered along bottom and center,295
the_legend_of_zelda,square wall border with central floor area,484,super_mario_bros,flat ground then rising staircase of breakable block on right with coins above,399
super_mario_bros,flat ground with two cannons and one goomba,5,lode_runner,ground left platforms diggable ground right wall ladder center rope none gold top left enemy center,407
lode_runner,ground border diggable ground top right gold top right ladder left rope mid left enemyp,544,the_legend_of_zelda,large central floor square surrounded by wall ring and inner block border,25
the_legend_of_zelda,central stair surrounded by scattered blocks on open floor within walls,177,super_mario_bros,ground platforms separated by gaps,429
super_mario_bros,pipes of varying heights on continuous ground with goombas on pipes,205,dungeon,central path with two bat pairs between walls,65
dungeon,bats clustered on left near wall with open path right,530,the_legend_of_zelda,floor with diagonal wall zigzag in right half,175
dungeon,bats clustered on left near wall with open path right,530,the_legend_of_zelda,central block cluster with one monster on floor,24
lode_runner,ground clusters left and right diggable ground center ladder rope gold scattered enemy pink person upper,44,super_mario_bros,two elevated ground platforms with goomba on long top platform and coins above right ground stack,117
dungeon,scattered wall blocks with narrow path gaps no bat,452,the_legend_of_zelda,large open floor room enclosed by wall with single door at bottom,119
super_mario_bros,two elevated ground platforms with goomba on long top platform and coins above right ground stack,117,lode_runner,ground border diggable ground central block gold left and right enemy top center ladders sides,297
dungeon,walls form central block with paths around and bats clustered top and right,20,lode_runner,ground diagonal left mass ladders along slope gold mid left enemy right ground,52
the_legend_of_zelda,square floor room enclosed by wall with door openings on left and top,453,lode_runner,ground border diggable ground right column gold top center enemy mid right ladder left rope top,7
lode_runner,ground border diggable ground left block gold top left enemy bottom left ladders center right,498,super_mario_bros,flat ground with central pipe and two goomba,423
lode_runner,ground border diggable ground center gold scattered ladders left right rope top enemy right,54,the_legend_of_zelda,central floor room with two wall pillars and four monsters near center,204
super_mario_bros,flat ground with left pipe and right goombas and central question block above,334,dungeon,path zigzag corridors with two bat near center and walls around,214
dungeon,scattered walls with bats in open areas and winding paths,107,lode_runner,ground border diggable ground center ladders left right rope top gold scattered enemy center,11
super_mario_bros,ground along bottom with scattered breakable block platforms and coin row near top,472,the_legend_of_zelda,large open floor with wall border and blocks clustered on right,46
dungeon,central cross path with walls and bat clusters top left and top right,146,the_legend_of_zelda,central water surrounded by floor ring and outer wall with two doors,395
lode_runner,ground border diggable ground platforms ladders left center rope top center gold scattered enemy center,137,dungeon,scattered wall blocks with open path and bats dispersed,202
the_legend_of_zelda,floor grid with scattered blocks inside surrounding wall,248,dungeon,central winding path through walls with bats scattered around,369
the_legend_of_zelda,large open floor room enclosed by wall with one door on right and one door bottom,391,dungeon,central path with walls and bats clustered upper left and upper right,282
the_legend_of_zelda,large open floor room with central wall pillar and left door,235,lode_runner,ground bottom left ladders right rope top gold center enemypink,442
the_legend_of_zelda,floor grid with two symmetric block diamond clusters near center,470,super_mario_bros,ground left and bottom with scattered breakable block platforms and coin cluster,40
lode_runner,ground bottom right ladders right rope mid gold upper right enemy left,343,dungeon,spiral wall path with bats around edges and one central bat,189
the_legend_of_zelda,floor with diagonal wall zigzag in right half,175,dungeon,spiral wall path with bats around edges and one central bat,189
lode_runner,ground platforms across middle and bottom ladder center rope top left gold scattered enemy pink person center,75,dungeon,scattered wall blocks with narrow path gaps no bat,452
lode_runner,ground bottom band ladders left and center rope mid gold right enemy top left,131,dungeon,two bat clusters separated by central path corridors and surrounding wall blocks,132
the_legend_of_zelda,large open floor room enclosed by wall with single door opening on right,82,dungeon,walls form central blocks with bats clustered in lower left and right,257
lode_runner,ground border diggable ground central columns gold mid right enemy top left ladder bottom left rope,312,super_mario_bros,ground with long breakable block platform top center and small breakable block ledge right,502
the_legend_of_zelda,central block diamond cluster with monster near top and right door,362,lode_runner,ground bottom band ladders left and center rope mid gold right enemy top left,131
the_legend_of_zelda,square floor room with wall border and two blocks inside,148,super_mario_bros,ground platforms separated by gaps,429
super_mario_bros,ground platform center with upper left breakable block row and upper right coin row,486,the_legend_of_zelda,square floor room enclosed by wall with two monsters centered vertically,333
the_legend_of_zelda,water forms large rectangular ring around central floor corridor,288,dungeon,walls form central path with bat clusters left and bottom right,434
the_legend_of_zelda,wall border enclosing large central floor area,286,dungeon,two bat clusters separated by central path corridors and surrounding wall blocks,132
super_mario_bros,ground with single pipe at far left and mid raised breakable block platform,323,the_legend_of_zelda,square floor room enclosed by wall with door openings on left and top,453
dungeon,central vertical wall with cross paths and bats around edges,178,lode_runner,ground left slope diggable ground right blocks ladder center rope none gold scattered enemy none,211
dungeon,walls form central open area with bats around edges and bottom path,122,the_legend_of_zelda,water forms large c shape around central floor blocks,42
lode_runner,ground bottom left slope diggable ground above ladder center rope top gold scattered enemy none,421,dungeon,path with bat cluster in upper right near wall,347
lode_runner,ground bottom band diggable ground central blocks gold scattered mid enemy pink left mid rope top,338,the_legend_of_zelda,waterfloor zigzag path through floor grid,192
dungeon,bats clustered top left and bottom left along walls with central paths,406,lode_runner,ground border diggable ground central block gold left and right enemy top center ladders sides,297
super_mario_bros,ground platforms split left and right with question block pair upper left,84,dungeon,scattered wall blocks with open path areas and no bat,365
dungeon,walls form scattered blocks with winding paths and bats spread around,90,super_mario_bros,flat ground with gap right and two question block above,420
dungeon,central path with bats scattered and surrounding wall,474,the_legend_of_zelda,square floor room with four monsters near corners and left door,180
dungeon,walls form scattered blocks with winding paths between them,35,lode_runner,ground border maze diggable ground pockets ladders left center ropes sparse gold clusters left bottom,186
dungeon,scattered wall blocks with bats in open areas and winding paths,520,super_mario_bros,flat ground with three pipes and two goomba on pipes,79
super_mario_bros,scattered breakable block platforms with goomba on central platform and coins at top left,523,lode_runner,ground platforms across middle and bottom ladder center rope top left gold scattered enemy pink person center,75
dungeon,walls form scattered rooms with central path and bats spread throughout,256,lode_runner,ground borders diggable ground center ladders vertical rope left gold scattered enemy upper center,242
dungeon,spiral wall path with bats scattered inside,73,lode_runner,ground bottom ladders left gold diagonal right enemy top center,199
dungeon,central open area with surrounding wall and scattered bat along outer path,69,lode_runner,ground border top left ladder center rope top gold scattered mid enemy right,167
dungeon,spiral wall path with bats scattered inside,73,the_legend_of_zelda,central floor room with two wall pillars and four monsters near center,549
the_legend_of_zelda,central floor with scattered blocks and surrounding wall,366,dungeon,walls form maze paths with bats clustered along bottom and center,295
lode_runner,ground top band ladders left right rope mid gold scattered center left enemy upper left,62,the_legend_of_zelda,central stair surrounded by scattered blocks on open floor within walls,177
super_mario_bros,three separated ground platforms with a large ground block on right,99,dungeon,central cross path with walls and bat clusters top left and top right,146
super_mario_bros,flat ground with central pipe and scattered goomba,262,the_legend_of_zelda,square floor room with central block cross and four corner blocks,245
the_legend_of_zelda,central floor grid with four block clusters and side doors,128,dungeon,spiral path around central wall with bats scattered,272
the_legend_of_zelda,large square floor ring around central block void with outer wall openings,86,super_mario_bros,ground left slope with three goomba and scattered question block breakable block platforms,276
lode_runner,ground top band diggable ground mid band ladders left gold scattered enemies none,232,dungeon,winding path through scattered wall blocks with bats in open areas,475
super_mario_bros,flat ground with pipe right and question blocks above center,165,dungeon,walls form winding paths with bats scattered in open areas,162
the_legend_of_zelda,square floor room with four monsters near corners and doors top bottom,511,lode_runner,ground border diggable ground top right rope mid ladder center gold scattered enemy right,380
lode_runner,ground left and right platforms ladders left center rope top gold center enemy top,416,dungeon,walls form central block with bats scattered and paths around edges,483
dungeon,central open area with wall border and bats along edges and paths,309,lode_runner,ground border diggable ground blocks center ladder left rope top gold scattered enemy right,444
the_legend_of_zelda,square wall ring enclosing empty floor area,494,super_mario_bros,scattered floating breakable block platforms with coins and ground at bottom,112
dungeon,walls form scattered rooms with central path and bats spread throughout,256,the_legend_of_zelda,square floor bordered by wall with central block cluster and right door,47
dungeon,central cross path with scattered wall blocks and bats clustered lower center,450,the_legend_of_zelda,square floor room with four monsters near corners and side doors,418
the_legend_of_zelda,large square floor room enclosed by wall with two doors opposite and two blocks center,158,super_mario_bros,flat ground with scattered cannons and a goomba question block above,383
dungeon,bats clustered along left wall with winding path to right,322,the_legend_of_zelda,floor grid with two symmetric block diamond clusters near center,470
super_mario_bros,staircase ground rising to right with question block and floating ground platforms,495,dungeon,walls form maze paths with bats scattered in open rooms,332
lode_runner,ground platforms left and mid diggable ground slope right ladder top right rope mid gold left,510,dungeon,scattered wall blocks with open path areas and no bat,365
super_mario_bros,ground staircase with pipe left and floating question block platforms,462,the_legend_of_zelda,open floor with scattered blocks and one door on left,135
super_mario_bros,ground forms stepped pyramid with scattered breakable block platforms,157,dungeon,cross shaped wall with bats around and open path edges,227
dungeon,scattered wall blocks with open path and bats dispersed,202,super_mario_bros,staircase ground rising left to right with question block row and goomba on right,337
the_legend_of_zelda,open floor with blocks forming curved diagonal band on right,201,lode_runner,ground platforms left and right diggable ground center pit ladders left and center rope top,60
dungeon,walls form outer square with central cross path and scattered bats,210,the_legend_of_zelda,square floor arena with central block cluster and surrounding wall,83
the_legend_of_zelda,large open floor room surrounded by wall with door on right,95,lode_runner,ground top band diggable ground mid band ladders left gold scattered enemies none,232
dungeon,central path network with scattered bats and surrounding walls,409,super_mario_bros,two elevated ground platforms with goomba on long top platform and coins above right ground stack,117
super_mario_bros,flat ground with right question block row and goomba,222,dungeon,walls form two large blocks with paths between and bats scattered,76
the_legend_of_zelda,square floor room enclosed by wall with central block,353,lode_runner,ground border left bottom right diggable ground clusters top mid rope top ladder right gold scattered,81
the_legend_of_zelda,open floor with four central blocks and bottom door in surrounding wall,56,lode_runner,ground border diggable ground central right rope ladder center gold scattered enemy left center,1
dungeon,walls form central block with bats scattered and paths around edges,483,the_legend_of_zelda,large open floor room enclosed by wall with door at bottom center,551
the_legend_of_zelda,two water pools left and right on open floor with south door,187,dungeon,square spiral wall path with bats scattered inside,220
dungeon,walls form maze with winding paths and scattered bats,223,lode_runner,ground border diggable ground center gold scattered ladders left right rope top enemy right,54
the_legend_of_zelda,spiral wall corridor with waterfloor channel inside,294,lode_runner,ground border diggable ground center platforms ladders top center left rope left gold scattered enemy,147
the_legend_of_zelda,large open floor room with central wall pillar,250,lode_runner,ground bottom ladders right ropes mid gold scattered left enemy top left,490
lode_runner,ground bottom band diggable ground mid blocks ladders left and right ropes none gold scattered,516,the_legend_of_zelda,large open floor with wall border and right side block cluster near door,525
lode_runner,ground bottom band ladders left right ropes top gold mid right enemy top center,104,super_mario_bros,flat ground with scattered goomba and pipe at right,151
the_legend_of_zelda,large central floor square surrounded by wall ring and inner block border,25,dungeon,winding path between wall blocks with bats scattered throughout,441
the_legend_of_zelda,large floor room with four block pillars and two door openings,277,dungeon,walls form central block with right looped path and scattered bats,197
the_legend_of_zelda,central floor room with two wall pillars and four monsters near middle,153,dungeon,bats clustered on left near wall with open path right,530
dungeon,scattered wall blocks with bats and winding paths,359,the_legend_of_zelda,square floor ring with inner wall and central water column,445
dungeon,central cross path with scattered bats and surrounding walls,37,super_mario_bros,ground along bottom with scattered breakable block platforms and coin row near top,472
the_legend_of_zelda,central block cluster with one monster on floor,411,super_mario_bros,ground at bottom with brick ceiling and question block cluster right with coins,352
dungeon,walls form winding path with bats scattered throughout,279,lode_runner,ground bottom band ladders center left right gold top center enemy left mid diggable ground,330
the_legend_of_zelda,square floor arena with central block cluster and surrounding wall,83,lode_runner,ground border maze diggable ground corridors ladders right gold scattered enemy none,19
super_mario_bros,flat ground with left question block row and central cannon and two goomba,540,lode_runner,ground platforms left and right ladder center rope top gold scattered enemy top center,299
super_mario_bros,ground floor with central breakable block platform and coins above,228,the_legend_of_zelda,open floor with scattered blocks and central stair door at bottom,508
lode_runner,ground border diggable ground right block ladders left columns ropes mid gold top left enemy,408,dungeon,winding path around central wall with scattered bat,373
lode_runner,ground bottom ladders left gold diagonal right enemy top center,199,dungeon,central winding path with scattered wall blocks and bats near top corners,396
the_legend_of_zelda,large open floor room surrounded by wall with door on right,95,dungeon,walls form central blocks with bats clustered in lower left and right,257
the_legend_of_zelda,large floor room with two central block clusters aligned vertically,85,dungeon,winding path around central wall with scattered bat,373
the_legend_of_zelda,large central floor room surrounded by wall ring with two side doors and bottom door,377,super_mario_bros,flat ground with scattered goomba and pipe at right,151
the_legend_of_zelda,large square floor room with central block cluster and wall border,556,dungeon,scattered wall blocks with open paths and bats around edges,55
super_mario_bros,stepped ground platform descending right with empty sky,66,dungeon,scattered wall blocks with bats spread across open paths,479
dungeon,walls form scattered blocks with winding paths and bats dispersed,376,lode_runner,ground bottom band diggable ground left and center blocks gold row left enemy right ladder top,542
super_mario_bros,scattered breakable block platforms with goomba on central platform and coins at top left,523,dungeon,scattered wall blocks with bats near bottom and open paths,239
the_legend_of_zelda,square floor bordered by wall with central block cluster,154,dungeon,central path with scattered wall blocks and bats,188
super_mario_bros,ground staircase left goomba on steps tall ground wall right,78,dungeon,maze like wall corridors with bats along central path,357
the_legend_of_zelda,central block column with diagonal blocks on floor inside wall,331,lode_runner,ground bottom band diggable ground central blocks gold scattered mid enemy pink left mid rope top,338
dungeon,walls form three large blocks with narrow paths between them,142,the_legend_of_zelda,square floor room with central blocks and side doors,168
super_mario_bros,ground forms stepped platform left then long flat ground right,120,the_legend_of_zelda,central floor room with two wall pillars and four monsters near middle,153
super_mario_bros,ground forms stepped pyramid with scattered breakable block platforms,157,dungeon,walls form central blocky maze with bats clustered left along paths,499
super_mario_bros,flat ground with two cannons and one goomba,5,lode_runner,ground blocks left and right central ladder gold along ladder enemy top right,314
lode_runner,ground bottom band ladders left and center rope mid gold right enemy top left,131,super_mario_bros,ground platform with tall vertical wall left and two floating breakable block clusters right,497
the_legend_of_zelda,large square floor room enclosed by wall with central stair,255,lode_runner,ground blocks left and right central ladder gold along ladder enemy top right,314
dungeon,bats clustered in central room enclosed by wall with side paths,291,the_legend_of_zelda,large open floor room with two monsters centered vertically,500
dungeon,l shaped wall enclosure with bats scattered in open path,39,lode_runner,ground border maze diggable ground scattered gold mid left enemy left ladder center rope right,293
the_legend_of_zelda,square floor ring with inner wall and central water column,445,dungeon,scattered wall blocks with bats along winding paths,304
dungeon,bats clustered along left wall with winding path to right,322,the_legend_of_zelda,open floor room with two monsters centered,335
dungeon,bats along a diagonal path between walls,229,super_mario_bros,ground with left pipe and right stepped breakable block hill,541
the_legend_of_zelda,central floor room with two wall pillars and four monsters near center,301,super_mario_bros,flat ground with cannon left pipe center goombas on pipe and right,422
super_mario_bros,ground left slope with three goomba and scattered question block breakable block platforms,276,the_legend_of_zelda,spiral waterfloor path inside square wall with central floor corridor,532
the_legend_of_zelda,square floor room with border wall and scattered blocks,448,super_mario_bros,flat ground then rising staircase of breakable block on right with coins above,399
the_legend_of_zelda,central floor room with two wall pillars and four monsters near center,204,dungeon,square spiral wall path with bats scattered inside,220
super_mario_bros,flat ground with scattered breakable block platforms and one question block,182,lode_runner,ground bottom band diggable ground mid blocks ladders left and right ropes none gold scattered,516
dungeon,central path network with scattered bats and surrounding walls,409,super_mario_bros,staircase breakable block pyramid on ground with goomba right,371
lode_runner,ground border diggable ground center ladders left right rope top gold scattered enemy center,11,dungeon,central vertical path between wall blocks with bat clusters right and left,30
dungeon,central open area with surrounding wall blocks and bats along edges and paths,253,lode_runner,ground blocks left and right central ladder gold along ladder enemy top right,314
lode_runner,ground border top left diggable ground scattered ladder center rope top gold,317,dungeon,central wall block with bats around edges and open path ring,457
lode_runner,ground border maze diggable ground scattered gold mid left enemy left ladder center rope right,293,dungeon,walls form grid of blocks with scattered paths and bats,252
the_legend_of_zelda,central wall blob with four monsters on floor and door bottom,430,lode_runner,ground bottom strip ladder left rope center gold top clusters enemy top left,437
dungeon,walls form scattered rooms with central path and bats spread throughout,256,the_legend_of_zelda,large square floor room with central block cluster,121
super_mario_bros,staggered brick platforms with question blocks left and tall brick wall right,173,the_legend_of_zelda,square floor room with central block cluster and top bottom door,381
the_legend_of_zelda,wall border enclosing large central floor area,286,super_mario_bros,pipes on right ground scattered question block and breakable block platforms,467
the_legend_of_zelda,large open floor room enclosed by wall with single door bottom,58,super_mario_bros,ground forms stepped platform left then long flat ground right,120
lode_runner,ground bottom right mound gold scattered ladder left rope top enemy left,63,super_mario_bros,flat ground with three pipes each holding goomba and a right floating breakable block platform,321
lode_runner,ground platforms left and right ladder center rope top gold scattered enemy top center,299,the_legend_of_zelda,square floor room with wall border and two blocks inside,148
lode_runner,ground bottom left ladder right rope top gold mid enemypink person,3,the_legend_of_zelda,central floor with scattered monsters and one block cluster on right,327
the_legend_of_zelda,spiral waterfloor corridor on floor enclosed by wall,98,dungeon,walls form central loop path with bats around it,311
super_mario_bros,flat ground platform with three goomba spaced across,382,the_legend_of_zelda,central floor room with two wall pillars and four monsters near center,487
dungeon,maze of walls with many small paths and scattered bats,402,lode_runner,ground left and right platforms ladders left center rope top gold center enemy top,416
dungeon,bats clustered in central room enclosed by wall with side paths,291,the_legend_of_zelda,central floor room with two wall pillars and four monsters near middle,153
super_mario_bros,flat ground with left question block row and central cannon and two goomba,540,dungeon,scattered wall blocks with winding path and bats throughout,492
super_mario_bros,pipes on right ground scattered question block and breakable block platforms,467,the_legend_of_zelda,central horizontal water strip across floor with door at bottom center,36
dungeon,scattered wall blocks with bats on open paths,254,lode_runner,ground border diggable ground blocks gold scattered mid enemy center ladder left rope top,71
super_mario_bros,flat ground with gap right and two question block above,420,the_legend_of_zelda,square floor room with four water blocks near center and right wall door,374
super_mario_bros,flat ground with three pipes and two goomba on pipes,79,the_legend_of_zelda,large floor room with central water strip and right wall door,346
lode_runner,ground bottom left ladder far left gold scattered mid and top enemy center,512,dungeon,path loop around central wall with bats clustered left and bottom,554
lode_runner,ground platforms left and right diggable ground center pit ladders left and center rope top,60,super_mario_bros,flat ground with tall pipe right and two question block rows left,461
dungeon,square spiral wall path with bats scattered inside,220,the_legend_of_zelda,large open floor room surrounded by wall with two door openings left and right,265
dungeon,central path with two bat pairs between walls,65,the_legend_of_zelda,large open floor room enclosed by wall with door at bottom center,246
dungeon,bats clustered along left wall with winding path to right,322,the_legend_of_zelda,checkerboard floor with four block diamond clusters near center,401
lode_runner,ground border bottom diggable ground platforms scattered ladders vertical center left right gold on platforms,466,the_legend_of_zelda,square floor ring with four inner wall blocks and four corner monsters,458
the_legend_of_zelda,three vertical floor corridors separated by wall blocks,518,lode_runner,ground left and right platforms ladders left center rope top gold center enemy top,416
dungeon,scattered wall blocks with bats along narrow paths,414,the_legend_of_zelda,square floor ring with central block area and monsters in grid,198
lode_runner,ground border diggable ground center ladder right rope none gold scattered enemy left,125,super_mario_bros,ground platform with tall vertical wall left and two floating breakable block clusters right,497
dungeon,winding central path with scattered bats and surrounding wall,522,lode_runner,ground border top right diggable ground left ladder right enemypink person top corners,103
super_mario_bros,flat ground with central pipe and scattered goomba,262,dungeon,two bat clusters separated by open path,509
the_legend_of_zelda,floor ring around central wall void,280,lode_runner,ground platforms top and mid left diggable ground right rope none ladders center gold scattered,447
lode_runner,ground platforms left and right ladder center rope top gold scattered enemy top center,299,super_mario_bros,ground floor with central breakable block platform and coins above,228
super_mario_bros,two elevated ground platforms with goomba on long top platform and coins above right ground stack,117,the_legend_of_zelda,large open floor room enclosed by wall with single door at bottom,119
super_mario_bros,scattered floating breakable block platforms above ground,410,dungeon,central path with scattered wall blocks and bats along top edge,527
lode_runner,ground left mass diggable ground center right gold scattered enemy top left ladder center rope none,240,dungeon,walls form outer square with central cross path and scattered bats,210
super_mario_bros,ground across bottom with goomba left and question block row above,393,the_legend_of_zelda,central floor with two vertical block columns and surrounding wall border,342
dungeon,walls form stepped zigzag path with bats scattered around,358,super_mario_bros,flat ground then rising staircase of breakable block on right with coins above,399
dungeon,scattered wall blocks with open paths and bats around edges,449,the_legend_of_zelda,floor grid with central block cluster and surrounding wall border,455
dungeon,walls form central maze with bats scattered along paths,15,the_legend_of_zelda,large square floor room with central block cluster,121
the_legend_of_zelda,square floor room with four monsters near corners and left door,180,super_mario_bros,ground forms u shaped pit with goombas on top and lone breakable block above,501
the_legend_of_zelda,square floor with scattered blocks and one stair near center,134,super_mario_bros,flat ground with scattered goomba clusters,45
dungeon,walls form winding paths with bats scattered throughout,478,super_mario_bros,ground platform with two separated raised ground blocks,17
dungeon,spiral wall path with bats around edges and one central bat,189,the_legend_of_zelda,square floor room with central block cluster and surrounding wall,456
the_legend_of_zelda,water forms large rectangular ring around central floor corridor,288,dungeon,walls form central blocky maze with bats clustered left along paths,499
dungeon,walls form stepped blocks with open paths around edges and center,138,lode_runner,ground blocks center right platform ladders left and center rope top gold top left enemy none,473
dungeon,bats clustered top left behind wall with winding path corridors,32,the_legend_of_zelda,floor square room with central stair and two side doors,208
dungeon,paths through walls with bat clusters top right and bottom right,389,super_mario_bros,two rows of question block upper left goomba trio on ground right,144
dungeon,bats scattered along winding paths between walls,345,the_legend_of_zelda,open floor room with border wall and two central blocks,477
lode_runner,ground bottom band ladder right edge gold scattered mid enemypink person left mid,271,dungeon,scattered wall blocks with bats across open paths,531
dungeon,grid of wall blocks with scattered bats and narrow paths,176,the_legend_of_zelda,square floor ring with four inner wall blocks and four corner monsters,458
dungeon,two wall blocks with central path corridor and scattered bat pockets,439,the_legend_of_zelda,three vertical floor corridors separated by wall blocks,518
the_legend_of_zelda,large square floor room enclosed by wall with two side doors,469,dungeon,central winding path through walls with bats scattered around,369
the_legend_of_zelda,square floor room with central block cluster and surrounding wall,456,super_mario_bros,flat ground with three goomba spaced and tall right wall,324
lode_runner,ground border diggable ground right block ladders left columns ropes mid gold top left enemy,408,super_mario_bros,scattered breakable block platforms with midair question block cluster,273
dungeon,bats clustered along bottom center path amid scattered walls,34,the_legend_of_zelda,central floor with scattered blocks and surrounding wall,366
dungeon,scattered wall blocks with winding path and bats throughout,492,the_legend_of_zelda,floor grid with scattered blocks inside surrounding wall,259
super_mario_bros,scattered ground platforms with right side staircase ground blocks,547,dungeon,walls form maze with central path and bats clustered left right and bottom,29
the_legend_of_zelda,floor ring around central block cluster with outer wall and door openings,424,dungeon,central winding path with scattered wall blocks and bats near top corners,396
super_mario_bros,flat ground with central pipe and two goomba,423,the_legend_of_zelda,large water pool centered surrounded by floor and wall with door openings,237
super_mario_bros,two separated ground platforms with a lower right ground block and coins,428,the_legend_of_zelda,wall border enclosing large central floor area,286
dungeon,walls form three large blocks with narrow paths between them,142,lode_runner,ground border top right diggable ground left ladder right enemypink person top corners,103
lode_runner,ground bottom strip ladders left center right gold left enemy left rope none,114,dungeon,winding path through scattered wall blocks with bats in open areas,475
lode_runner,ground bottom ladders right ropes mid gold scattered left enemy top left,490,super_mario_bros,staircase ground rising left to center with floating breakable block platforms,539
lode_runner,ground clusters left and right diggable ground center ladder rope gold scattered enemy pink person upper,44,dungeon,walls form winding path with bats clustered bottom left,440
the_legend_of_zelda,large square floor room enclosed by wall with two doors opposite and two blocks center,158,dungeon,wall band across middle with bats clustered top and along wall path,234
lode_runner,ground border left bottom right diggable ground clusters top mid rope top ladder right gold scattered,81,dungeon,spiral wall path with bats around edges and inside,413
dungeon,scattered wall blocks with bats on open paths,254,lode_runner,ground forms central mass top right diggable ground left gold mid left ladder top left rope,476
dungeon,spiral path around central wall with bats scattered,272,super_mario_bros,two elevated ground platforms with goomba on long top platform and coins above right ground stack,117
lode_runner,ground border left top diggable ground right ladder center gold right enemy top right,218,super_mario_bros,ground clusters at bottom left center right with midair ground platform right,51
dungeon,bats scattered along winding paths between walls,345,the_legend_of_zelda,square floor room with border wall and scattered blocks,448
the_legend_of_zelda,square wall ring with large central floor area,155,dungeon,scattered wall blocks with bats and winding paths,359
lode_runner,ground border platforms ladders left and center rope center gold scattered enemy pink center and lower,213,dungeon,walls form central open area with bats around edges and bottom path,122
the_legend_of_zelda,water ring around central floor with blocks,106,lode_runner,ground border diggable ground right column gold top center enemy mid right ladder left rope top,7
the_legend_of_zelda,floor with central block diamond pattern and surrounding wall border,169,super_mario_bros,ground slopes up to right with question block top right,224
the_legend_of_zelda,open floor room with scattered monsters and central block cluster,160,dungeon,central path with two bat pairs between walls,65
the_legend_of_zelda,square floor room with central water column,215,lode_runner,ground left and bottom gold center ladders top right rope top left,150
lode_runner,ground bottom ladders left gold diagonal right enemy top center,199,the_legend_of_zelda,floor with central diamond block cluster inside wall border,546
lode_runner,ground bottom band ladders left right ropes top gold mid right enemy top center,104,the_legend_of_zelda,square floor arena with central block cluster and surrounding wall,83
the_legend_of_zelda,open floor with scattered blocks and walls around edges,10,super_mario_bros,two rows of question block upper left goomba trio on ground right,144
the_legend_of_zelda,large floor room with central wall pillar and two side doors,319,dungeon,central path with walls and bats clustered upper left and upper right,282
the_legend_of_zelda,square floor room with four monsters near corners and side doors,339,super_mario_bros,ground forms stepped pyramid with scattered breakable block platforms,157
the_legend_of_zelda,spiral wall corridor around waterfloor channel with door openings,485,dungeon,scattered wall blocks with bats along winding paths,123
dungeon,walls form central block with surrounding paths and scattered bats,174,the_legend_of_zelda,square floor arena with central block cluster and surrounding wall,83
dungeon,wall maze with central path and bats scattered throughout,53,lode_runner,ground border diggable ground platforms ladders left center rope top center gold scattered enemy center,137
super_mario_bros,ground platforms left and right with central coin row,306,the_legend_of_zelda,square floor room with central water column,215
dungeon,central wall block with bats around edges and open path ring,457,the_legend_of_zelda,square floor room with four monsters near corners and left door,180
the_legend_of_zelda,large open floor with central wall pillar and right door,431,lode_runner,ground border platforms diggable ground center rope right ladder left right gold scattered enemy bottom center,221
lode_runner,ground border diggable ground top right rope mid ladder center gold scattered enemy right,380,super_mario_bros,ground left and bottom with scattered breakable block platforms and coin cluster,40
dungeon,bats clustered top left behind wall with winding path corridors,32,the_legend_of_zelda,open floor with scattered blocks and one door on left,135
the_legend_of_zelda,open floor with blocks forming curved diagonal band on right,201,dungeon,central open area with scattered bat clusters and surrounding wall paths,200
lode_runner,ground borders diggable ground center ladders vertical rope left gold scattered enemy upper center,242,dungeon,walls form central block with surrounding paths and scattered bats,174
dungeon,central path with walls and bats clustered upper left and upper right,282,lode_runner,ground border maze diggable ground corridors ladders right gold scattered enemy none,19
the_legend_of_zelda,large square floor with central blocks and wall border openings,341,dungeon,walls form maze with central open area and winding paths for bats,515
lode_runner,ground bottom right ladders right rope mid gold upper right enemy left,343,the_legend_of_zelda,large open floor with wall border and blocks clustered on right,46
dungeon,walls form winding paths with bats scattered in open areas,162,the_legend_of_zelda,square floor room with four monsters near corners and doors top bottom,511
lode_runner,ground bottom left diggable ground central gold scattered ladder left rope top,351,the_legend_of_zelda,large square floor with central blocks and wall border openings,341
the_legend_of_zelda,open floor room with scattered monsters and central block cluster,160,dungeon,walls form winding paths with bats scattered in open areas,162
lode_runner,ground border diggable ground center ladder left rope right gold mid enemy bottom center,49,super_mario_bros,ground left and bottom with scattered breakable block platforms and coin cluster,40
dungeon,central open area surrounded by wall with bats along edges and sparse paths,89,lode_runner,ground top band ladder left edge enemy top left and top right,405
dungeon,spiral wall path with bats clustered near center,116,the_legend_of_zelda,large square floor ring around central block void with outer wall openings,86
lode_runner,ground top band diggable ground mid band ladders left gold scattered enemies none,232,the_legend_of_zelda,square floor room with four monsters near corners and surrounding wall,133
the_legend_of_zelda,floor grid with central block cluster and surrounding wall border,455,super_mario_bros,ground platform left with tall breakable block column and goomba coin pair right,260
the_legend_of_zelda,square floor room with border wall and scattered blocks,448,super_mario_bros,flat ground with central pipe and two goomba,423
the_legend_of_zelda,square wall ring enclosing empty floor area,494,super_mario_bros,ground with two goomba left pipe center cannon right,8
super_mario_bros,flat ground with tall pipe right and two question block rows left,461,the_legend_of_zelda,open floor room with two monsters centered,335
lode_runner,ground platforms left and right ladder center rope top gold scattered enemy top center,299,super_mario_bros,scattered ground platforms with goomba and coins,460
dungeon,walls form winding paths with bats scattered in open areas,162,lode_runner,ground blocks center right platform ladders left and center rope top gold top left enemy none,473
dungeon,wall maze with central path and bat clusters left and right,4,super_mario_bros,flat ground then rising staircase of breakable block on right with coins above,399
dungeon,scattered wall blocks with winding path and bats throughout,492,super_mario_bros,staircase ground platforms with scattered coins and goombas and one question block,166
the_legend_of_zelda,square floor bordered by wall with central block cluster and right door,47,super_mario_bros,staircase ground rising to the right,514
the_legend_of_zelda,central vertical floor corridor with monsters inside surrounding wall ring,172,super_mario_bros,staircase ground rising left to right with question block row and goomba on right,337
super_mario_bros,flat ground with cannon left pipe center goombas on pipe and right,422,lode_runner,ground diagonal left mass ladders along slope gold mid left enemy right ground,52
dungeon,central path with bats scattered and surrounding wall,474,super_mario_bros,flat ground with cannon left pipe center goombas on pipe and right,422
super_mario_bros,ground slopes up to right with question block top right,224,the_legend_of_zelda,square floor room with central blocks and side doors,168
dungeon,bats clustered in top center above scattered wall blocks and open paths,340,the_legend_of_zelda,large square floor room enclosed by wall with two side doors,469
the_legend_of_zelda,square floor with scattered blocks and one stair near center,134,super_mario_bros,flat ground with scattered breakable block platforms and a top row of coins and one question,88
super_mario_bros,scattered ground platforms with goomba and coins,460,dungeon,spiral wall path with bats clustered on right side,156
dungeon,wall maze with central path and bats scattered throughout,53,lode_runner,ground top band ladder left edge enemy top left and top right,405
super_mario_bros,flat ground with two goomba and scattered breakable block platforms and one question block,209,lode_runner,ground left platforms diggable ground blocks top left gold scattered left enemypink person,91
lode_runner,ground bottom band ladder center gold left enemypink person upper center diggable ground,320,the_legend_of_zelda,floor ring around central block cluster with outer wall and door openings,424
lode_runner,ground platforms across top mid and bottom ladders right and center rope top,388,the_legend_of_zelda,central block cluster with one monster on floor,24
lode_runner,ground border diggable ground top right rope mid ladder center gold scattered enemy right,380,dungeon,scattered wall blocks with bats across open paths,531
the_legend_of_zelda,spiral waterfloor corridor inside walls,287,lode_runner,ground border left bottom right diggable ground clusters top mid rope top ladder right gold scattered,81
lode_runner,ground platforms top and mid ladders left and center rope top gold left,425,the_legend_of_zelda,spiral waterfloor corridor on floor enclosed by wall,98
the_legend_of_zelda,open floor room with two monsters centered vertically,225,dungeon,central path with walls and bats clustered upper left and upper right,282
the_legend_of_zelda,large floor room with central wall pillar and two side doors,319,dungeon,scattered wall blocks with bats across open paths,348
dungeon,central cross path with scattered wall blocks and bats clustered lower center,450,the_legend_of_zelda,large open floor room surrounded by wall with door on right,95
super_mario_bros,scattered breakable block platforms with small coin clusters above no ground,263,dungeon,maze of walls with many small paths and scattered bats,402
lode_runner,ground border diggable ground central right rope ladder center gold scattered enemy left center,1,super_mario_bros,ground platform left with tall breakable block column and goomba coin pair right,260
the_legend_of_zelda,large central floor room surrounded by wall with door openings top bottom right,93,super_mario_bros,two ground platforms left and center breakable block ceiling right two coins above center,313
lode_runner,ground left and right platforms ladders left center rope top gold center enemy top,416,the_legend_of_zelda,waterfloor rectangular pool centered surrounded by floor and wall border,468
dungeon,scattered wall blocks with bats in open areas and winding paths,520,the_legend_of_zelda,open floor with diagonal block line and scattered blocks,426
dungeon,scattered wall blocks with bats in open areas and winding paths,520,the_legend_of_zelda,water forms large c shape around central floor blocks,42
lode_runner,ground left mass diggable ground right platforms ladder center rope top gold right enemy right,194,super_mario_bros,ground left slope with three goomba and scattered question block breakable block platforms,276
the_legend_of_zelda,open floor room with two monsters centered,335,dungeon,two bat clusters in lower left and lower right separated by walls and paths,553
lode_runner,ground bottom band ladders center left right gold top center enemy left mid diggable ground,330,the_legend_of_zelda,square floor ring with central water corridor spiral,110
the_legend_of_zelda,waterfloor maze corridors around central blocks with doors north south,419,dungeon,bats scattered across open paths between wall blocks,217
lode_runner,ground border left bottom right diggable ground clusters top mid rope top ladder right gold scattered,81,dungeon,central horizontal path with scattered bats and wall blocks,87
the_legend_of_zelda,square floor room with four monsters near corners and surrounding wall,133,dungeon,maze of walls with many small paths and scattered bats,402
dungeon,walls form central vertical path with bats scattered in open rooms,538,the_legend_of_zelda,checkerboard floor with four block diamond clusters near center,401
lode_runner,ground left and right platforms ladders left center rope top gold center enemy top,416,dungeon,spiral wall path with bats scattered inside,73
the_legend_of_zelda,square floor room with four monsters near corners and right wall door,184,lode_runner,ground border diggable ground mid band ladder left and center rope right gold upper left enemy,231
the_legend_of_zelda,large square floor room enclosed by wall with central block cluster,507,dungeon,spiral path around central wall with bats scattered,272
super_mario_bros,flat ground with goomba left and pipe right and question blocks midair,185,lode_runner,ground bottom band diggable ground left mass ladder left rope mid gold scattered enemy center,111
dungeon,walls form two large blocks with paths between and bats scattered,76,super_mario_bros,ground platforms separated by gaps,429
lode_runner,ground maze with ladders ropes gold scattered enemy top center,451,super_mario_bros,two separated ground platforms with a lower right ground block and coins,428
super_mario_bros,ground platforms split left and right with question block pair upper left,84,the_legend_of_zelda,large square floor room with four monsters near corners,438
dungeon,central cross path with walls and bat clusters top left and top right,146,super_mario_bros,ground platforms separated by gaps,429
lode_runner,ground border platforms diggable ground center rope right ladder left right gold scattered enemy bottom center,221,dungeon,walls form central blocks with bats clustered in lower left and right,257
lode_runner,ground bottom left ladder center gold scattered upper right enemypink person,436,the_legend_of_zelda,central floor room with two wall pillars and four monsters near middle,153
the_legend_of_zelda,square floor bordered by wall with central block cluster and right door,47,dungeon,walls form winding path with bats scattered throughout,279
the_legend_of_zelda,waterfloor maze corridors around central blocks with doors north south,419,super_mario_bros,ground along bottom with three goomba and scattered question block and breakable block above,285
lode_runner,ground border diggable ground left maze gold scattered enemy bottom left ladder right rope top right,130,super_mario_bros,ground platforms with scattered question block clusters and two goomba on left,163
dungeon,scattered wall blocks with winding path and bats throughout,492,lode_runner,ground border diggable ground blocks center ladder left rope top gold scattered enemy right,444
the_legend_of_zelda,waterfloor maze corridors around central blocks with doors north south,419,super_mario_bros,staircase ground rising to right then flat ground,443
super_mario_bros,ground platform left with tall breakable block column and goomba coin pair right,260,lode_runner,ground bottom left ladders right rope top gold center enemypink,442
the_legend_of_zelda,floor grid with scattered blocks inside surrounding wall,248,dungeon,spiral wall path with bats scattered near bottom and right,41
super_mario_bros,flat ground with central pipe and scattered breakable block platforms and goomba,118,the_legend_of_zelda,square floor room with wall border and two monsters centered,463
dungeon,bats clustered along bottom center path amid scattered walls,34,the_legend_of_zelda,floor grid with scattered blocks inside surrounding wall,248
dungeon,walls form winding path with bats scattered throughout,279,super_mario_bros,staircase ground rising left to center with floating breakable block platforms,539
lode_runner,ground border maze diggable ground corridors ladders right gold scattered enemy none,19,dungeon,central path with scattered wall blocks and bats,188
dungeon,central cross path with walls and bat clusters top left and top right,146,the_legend_of_zelda,central stair surrounded by blocks on open floor,108
the_legend_of_zelda,floor with central block diamond pattern and surrounding wall border,169,lode_runner,ground border diggable ground blocks gold scattered mid enemy center ladder left rope top,71
the_legend_of_zelda,large square floor with scattered blocks and right wall door,536,dungeon,spiral wall path with bats around edges and inside,413
dungeon,central open area with scattered bat clusters and surrounding wall paths,200,the_legend_of_zelda,large square floor room with four monsters near corners,438
the_legend_of_zelda,central stair surrounded by scattered blocks on open floor within walls,177,dungeon,path maze with walls and bats clustered right and lower left,2
super_mario_bros,ground forms stepped pyramid with scattered breakable block platforms,157,dungeon,path zigzag corridors with two bat near center and walls around,214
dungeon,spiral wall path with bats around edges and one central bat,189,the_legend_of_zelda,large central floor room surrounded by wall border,31
the_legend_of_zelda,floor grid with two symmetric block diamond clusters near center,470,dungeon,spiral wall path with bats scattered inside,73
super_mario_bros,stepped ground platform descending right with empty sky,66,dungeon,walls form scattered blocks with bats on them and winding paths between,355
super_mario_bros,flat ground with scattered breakable block platforms and one question block,182,dungeon,walls form scattered blocks with bats along paths around center,102
the_legend_of_zelda,open floor with diagonal wall x pattern and side doors,195,lode_runner,ground border left bottom right diggable ground clusters top mid rope top ladder right gold scattered,81
the_legend_of_zelda,central vertical floor corridor with monsters inside surrounding wall ring,172,super_mario_bros,ground forms tall left wall and long bottom platform with small right step single breakable,14
the_legend_of_zelda,large floor room with central water strip and right wall door,346,super_mario_bros,ground with long breakable block platform top center and small breakable block ledge right,502
lode_runner,ground bottom band ladder center gold left enemypink person upper center diggable ground,320,the_legend_of_zelda,large floor room with central wall pillar and right door,307
the_legend_of_zelda,square floor room with central blocks and side doors,168,lode_runner,ground bottom left ladders right rope top gold center enemypink,442
the_legend_of_zelda,large square floor area enclosed by wall with four door openings,505,lode_runner,ground border diggable ground center ladder right rope none gold scattered enemy left,125
the_legend_of_zelda,square floor bordered by wall with central block cluster and right door,47,lode_runner,ground border top diggable ground center ladder vertical gold clusters upper corners enemy bottom center,264
lode_runner,ground border diggable ground center ladder left rope top gold scattered enemy pink person mid,64,the_legend_of_zelda,square wall border with large central floor room and two door openings,521
super_mario_bros,pipes on right ground scattered question block and breakable block platforms,467,the_legend_of_zelda,floor grid with scattered blocks inside surrounding wall,248
lode_runner,ground border left and bottom diggable ground right wall gold scattered upper left enemy center bottom,278,the_legend_of_zelda,floor grid with central block cluster and surrounding wall border,28
lode_runner,ground platforms across middle and bottom gold scattered left and top ladder top center rope right enemy,398,dungeon,central path with two bat pairs between walls,65
the_legend_of_zelda,square wall ring around large central floor with two side doors,149,dungeon,scattered wall blocks with bats spread across open paths,479
super_mario_bros,two separated ground platforms with a lower right ground block and coins,428,the_legend_of_zelda,open floor room with central stair and surrounding wall,226
dungeon,two wall blocks with central path corridor and scattered bat pockets,439,lode_runner,ground border top right diggable ground left pit ladders center right gold scattered enemy top,496
the_legend_of_zelda,central wall blob with four monsters on floor and door bottom,430,super_mario_bros,flat ground with two cannons and one goomba,5
the_legend_of_zelda,square floor room with central block cluster and top bottom door,381,dungeon,bats scattered across open paths between wall blocks,217
dungeon,scattered wall clusters with bats spread across open path,270,the_legend_of_zelda,central floor with scattered blocks and surrounding wall,366
lode_runner,ground top band diggable ground mid band ladders left gold scattered enemies none,232,super_mario_bros,ground left and bottom with scattered breakable block platforms and coin cluster,40
lode_runner,ground bottom band ladders left right ropes top gold mid right enemy top center,104,the_legend_of_zelda,large square floor room with two monsters centered vertically,141
the_legend_of_zelda,large square floor room enclosed by wall with central stair,255,lode_runner,ground border maze diggable ground corridors ladder right rope top gold scattered enemy center,191
the_legend_of_zelda,square wall ring enclosing empty floor area,494,super_mario_bros,stepped ground platform descending right with empty sky,66
the_legend_of_zelda,open floor room with two monsters near center,159,lode_runner,ground border diggable ground top right gold top right ladder left rope mid left enemyp,544
dungeon,walls form central block with bats scattered and paths around edges,483,lode_runner,ground border diggable ground right block ladders left columns ropes mid gold top left enemy,408
dungeon,scattered wall blocks with winding path and bats throughout,492,the_legend_of_zelda,large open floor room surrounded by wall with two door openings left and right,265
dungeon,central path with scattered wall blocks and bats along top edge,527,lode_runner,ground bottom left slope diggable ground above ladder center rope top gold scattered enemy none,421
lode_runner,ground left platforms rope top left ladder top center diggable ground top right gold mid left,244,super_mario_bros,flat ground with scattered question block rows and one pipe right,38
lode_runner,ground border diggable ground mid band ladder left and center rope right gold upper left enemy,231,super_mario_bros,ground platforms with scattered question block clusters and two goomba on left,163
super_mario_bros,scattered breakable block platforms with coins above and ground gaps,394,the_legend_of_zelda,large open floor room enclosed by wall with single door bottom,58
the_legend_of_zelda,waterfloor maze corridors around central blocks with doors north south,419,dungeon,central open area surrounded by wall with bats along edges and sparse paths,89
the_legend_of_zelda,central water surrounded by floor ring and outer wall with two doors,395,dungeon,grid of wall blocks with scattered bats and narrow paths,176
dungeon,walls form maze with central path and bats clustered left right and bottom,29,the_legend_of_zelda,large square floor room enclosed by wall with two monsters centered vertically,296
the_legend_of_zelda,large floor room enclosed by wall with door at bottom center,230,super_mario_bros,ground forms two plateaus with central hill and a coin above,350
the_legend_of_zelda,large floor room with central diagonal wall corridor,101,dungeon,walls form stepped blocks with open paths around edges and center,138
the_legend_of_zelda,large square floor room with four monsters near corners,438,super_mario_bros,flat ground with gap right and two question block above,420
lode_runner,ground border maze diggable ground pockets ladders left center ropes sparse gold clusters left bottom,186,the_legend_of_zelda,central block cluster with one monster on floor,411
dungeon,walls form central block with surrounding paths and scattered bats,174,the_legend_of_zelda,square floor room enclosed by wall with central block,353
dungeon,cross shaped wall with bats scattered around paths,129,the_legend_of_zelda,central block diamond cluster with monster near top and right door,362
lode_runner,ground border diggable ground central block gold left and right enemy top center ladders sides,297,dungeon,walls form central maze with bats scattered along paths,15
dungeon,walls form e shape with bats scattered along paths,236,the_legend_of_zelda,spiral waterfloor corridor on floor enclosed by wall,98
super_mario_bros,flat ground with left question block row and central cannon and two goomba,540,the_legend_of_zelda,central block column with diagonal blocks on floor inside wall,331
the_legend_of_zelda,large square floor room enclosed by wall with two monsters centered vertically,296,dungeon,walls form central block with paths around and bats clustered top and right,20
dungeon,spiral wall path with bats clustered on right side,156,lode_runner,ground border maze diggable ground central blocks ladders vertical mid right rope top left gold,193
the_legend_of_zelda,square floor with central block cluster and bottom door,372,dungeon,central open area surrounded by wall with bats along edges and sparse paths,89
the_legend_of_zelda,central vertical floor corridor with monsters inside surrounding wall ring,172,dungeon,walls form central winding path with bats scattered around,325
super_mario_bros,flat ground with three goomba left and pipe right under two question block rows,23,lode_runner,ground top band ladder left edge enemy top left and top right,405
the_legend_of_zelda,large open floor with right side blocks and one door,126,dungeon,bats clustered on left near wall with open path right,530
the_legend_of_zelda,central floor with scattered monsters and one block cluster on right,327,lode_runner,ground border maze diggable ground central blocks ladders vertical mid right rope top left gold,193
dungeon,scattered wall blocks with bats across open paths,348,the_legend_of_zelda,large floor room with diagonal block chain from upper left to lower right,464
super_mario_bros,flat ground with left stepped hill and midair question block on breakable block row,368,the_legend_of_zelda,large floor room enclosed by wall with door at bottom center,230
dungeon,paths through walls with bat clusters top right and bottom right,389,super_mario_bros,flat ground with scattered question block and one goomba,6
dungeon,central vertical wall with cross paths and bats around edges,178,super_mario_bros,pipes of varying heights on continuous ground with goombas on pipes,205
super_mario_bros,flat ground with scattered breakable block platforms and one question block,182,dungeon,path forms t shape walls with bat clusters in corners,318
the_legend_of_zelda,waterfloor maze corridors around central blocks with doors north south,419,dungeon,scattered wall blocks with winding path and bats throughout,492
super_mario_bros,two ground platforms separated by wide gap,243,the_legend_of_zelda,central stair with scattered blocks on floor inside surrounding wall,238
super_mario_bros,pipes of varying heights on continuous ground with goombas on pipes,205,lode_runner,ground border diggable ground central block ladders right and top rope top gold scattered enemy,249
dungeon,bats clustered along bottom center path amid scattered walls,34,super_mario_bros,ground clusters bottom left center right with small mid platform,261
the_legend_of_zelda,floor grid with scattered blocks inside surrounding wall,259,super_mario_bros,ground platforms with scattered question block clusters and two goomba on left,163
dungeon,walls form central block with surrounding paths and scattered bats,174,the_legend_of_zelda,large open floor room enclosed by wall with door at bottom,315
dungeon,scattered wall blocks with narrow path gaps no bat,452,the_legend_of_zelda,square floor room enclosed by wall with two monsters centered vertically,333
dungeon,wall band across middle with bats clustered top and along wall path,234,lode_runner,ground border left top diggable ground right ladder center gold right enemy top right,218
lode_runner,ground border diggable ground blocks gold scattered mid enemy center ladder left rope top,71,super_mario_bros,flat ground with single question block above and breakable block right,446
super_mario_bros,ground floor with central breakable block platform and coins above,228,lode_runner,ground border bottom diggable ground platforms scattered ladders vertical center left right gold on platforms,466
dungeon,walls form central corridor path with bats clustered along bottom,329,the_legend_of_zelda,square floor room with four monsters near corners and side doors,339
super_mario_bros,flat ground with central pipe and scattered goomba,262,lode_runner,ground border top left diggable ground scattered ladder center rope top gold,317
the_legend_of_zelda,central block column with diagonal blocks on floor inside wall,331,lode_runner,ground borders diggable ground center ladders vertical rope left gold scattered enemy upper center,242
the_legend_of_zelda,large floor room with diagonal block chain from upper left to lower right,464,super_mario_bros,ground across bottom with goomba left and question block row above,393
the_legend_of_zelda,large open floor room enclosed by wall with single door opening on right,82,super_mario_bros,flat ground with scattered goomba clusters,45
dungeon,scattered wall blocks with bats on open paths,72,the_legend_of_zelda,large open floor room enclosed by wall with one door on right and one door bottom,391
lode_runner,ground bottom right ladders right rope mid gold upper right enemy left,343,the_legend_of_zelda,diagonal wall from bottom left to top right across floor with door bottom center,432
dungeon,scattered wall blocks with open path and bats dispersed,202,the_legend_of_zelda,diagonal wall band across floor with doors top and bottom,216
the_legend_of_zelda,central stair with scattered blocks on floor inside surrounding wall,238,dungeon,central open path with scattered bat and wall clusters,284
super_mario_bros,two elevated ground platforms with goomba on top and coins upper right,528,the_legend_of_zelda,large open floor room enclosed by wall with two door openings,196
the_legend_of_zelda,large square floor room with two monsters centered vertically,141,lode_runner,ground bottom and right diggable ground center rope left ladder left gold scattered enemy pink person,96
dungeon,walls form scattered blocks with winding paths and bats dispersed,170,the_legend_of_zelda,floor square room with central stair and two side doors,208
the_legend_of_zelda,open floor with diagonal blocks from left to center and a door on left wall,290,dungeon,walls form maze paths with bats scattered in open rooms,332
dungeon,central winding path with scattered wall blocks and bats near top corners,396,super_mario_bros,two separated ground platforms with a lower right ground block and coins,428
the_legend_of_zelda,large floor room with central wall pillar and two side doors,319,dungeon,scattered wall blocks with bats on open paths,254
lode_runner,ground border platforms ladders left and center rope center gold scattered enemy pink center and lower,213,dungeon,spiral path around central wall with bats scattered,272
the_legend_of_zelda,square floor room with central block cross and four corner blocks,245,dungeon,walls form winding path with bats clustered bottom left,440
the_legend_of_zelda,square floor with scattered blocks and one stair near center,134,dungeon,scattered wall blocks with winding path and bats throughout,492
the_legend_of_zelda,large square floor room enclosed by wall with two doors opposite and two blocks center,158,lode_runner,ground bottom band ladders center left right gold top center enemy left mid diggable ground,330
dungeon,walls form central path with bat clusters left and bottom right,434,super_mario_bros,ground forms stepped platform left then long flat ground right,120
dungeon,central cross path with scattered wall blocks and bats clustered lower center,450,super_mario_bros,flat ground with three goomba spaced and tall right wall,324
lode_runner,ground border left top diggable ground right ladder center gold right enemy top right,218,super_mario_bros,ground platforms with scattered question block clusters and two goomba on left,163
super_mario_bros,scattered breakable block platforms with goomba on central platform and coins at top left,523,the_legend_of_zelda,large floor room with central water strip and right wall door,346
super_mario_bros,ground floor with central breakable block platform and coins above,228,dungeon,walls form maze paths with bats clustered bottom right,534
super_mario_bros,ground platforms split left and right with question block pair upper left,84,lode_runner,ground border platforms ladders left and center rope center gold scattered enemy pink center and lower,213
the_legend_of_zelda,square floor room with four water blocks near center and right wall door,374,super_mario_bros,two ground platforms separated by gap with single coin above right,22
the_legend_of_zelda,large square floor room with two monsters centered vertically,141,lode_runner,ground border diggable ground right column gold top center enemy mid right ladder left rope top,7
dungeon,scattered wall blocks with winding path and bats throughout,492,the_legend_of_zelda,square floor room with central block cluster,524
the_legend_of_zelda,central floor room with two wall pillars and four monsters near middle,153,super_mario_bros,ground platform with tall vertical wall left and two floating breakable block clusters right,497
dungeon,scattered wall blocks with winding path and bats clustered in open rooms,387,super_mario_bros,scattered floating breakable block platforms with coins and ground at bottom,112
super_mario_bros,three separated ground platforms with a large ground block on right,99,dungeon,central open area with surrounding wall blocks and bats along edges and paths,253
the_legend_of_zelda,square floor room with central blocks and right wall door,543,super_mario_bros,staircase ground rising to right then flat ground,443
the_legend_of_zelda,square floor room enclosed by wall with central block,353,lode_runner,ground top band diggable ground mid band ladders left gold scattered enemies none,232
dungeon,walls form grid of blocks with scattered paths and bats,252,the_legend_of_zelda,large square floor ring around central block void with outer wall openings,86
super_mario_bros,flat ground with scattered breakable block and question block,12,the_legend_of_zelda,water forms large c shape around central floor blocks,42
the_legend_of_zelda,diagonal wall zigzag across open floor,302,dungeon,walls form scattered blocks with winding paths between them,298
the_legend_of_zelda,square floor room with central blocks and right wall door,543,super_mario_bros,flat ground platform with three goomba spaced across,382
super_mario_bros,scattered breakable block platforms with coins above and ground gaps,394,lode_runner,ground border diggable ground top right gold top right ladder left rope mid left enemyp,544
the_legend_of_zelda,square floor room with central blocks and side doors,168,dungeon,bats clustered top left behind wall with winding path corridors,32
lode_runner,ground border left top diggable ground right ladder center gold right enemy top right,218,the_legend_of_zelda,floor grid with central block cluster and surrounding wall border,28
super_mario_bros,two rows of question block upper left goomba trio on ground right,144,lode_runner,ground bottom right platform ladder center rope top gold scattered enemypink person top center,27
the_legend_of_zelda,water forms large c shape around central floor blocks,42,lode_runner,ground border top right diggable ground left pit ladders center right gold scattered enemy top,496
the_legend_of_zelda,square floor bordered by wall with central stair,354,lode_runner,ground border diggable ground center platforms ladders top center left rope left gold scattered enemy,147
the_legend_of_zelda,square floor ring with inner wall and central water column,445,super_mario_bros,ground left and bottom with scattered breakable block platforms and coin cluster,40
dungeon,walls form outer square with central cross path and scattered bats,210,the_legend_of_zelda,open floor room with scattered monsters and central block cluster,160
dungeon,scattered wall blocks with open path and bats dispersed,202,the_legend_of_zelda,square wall ring with large central floor area,155
super_mario_bros,ground valley with left pipe and right stepped ground wall,289,the_legend_of_zelda,central floor room with two wall pillars and four monsters near middle,153
dungeon,bats clustered along right wall with central winding path,48,the_legend_of_zelda,central block cluster with one monster on floor,411
dungeon,walls form central spiral path with bats scattered throughout,16,super_mario_bros,ground forms stepped platform left then long flat ground right,120
the_legend_of_zelda,spiral waterfloor channel inside square floor with outer wall and two door,219,lode_runner,ground left mass diggable ground center right gold scattered enemy top left ladder center rope none,240
lode_runner,ground bottom strip ladder left rope center gold top clusters enemy top left,437,dungeon,l shaped wall enclosure with bats scattered in open path,39
lode_runner,ground border diggable ground central rope right ladder left gold upper enemy lower,164,the_legend_of_zelda,square floor room enclosed by wall with central block,353
the_legend_of_zelda,square floor ring with inner wall and central water column,445,dungeon,central winding path with scattered bats and surrounding wall blocks,555
lode_runner,ground platforms top middle and mid left ladder sides rope mid right gold top left and mid,493,the_legend_of_zelda,square floor room with four monsters near corners and left door,180
the_legend_of_zelda,large square floor area enclosed by wall with four door openings,505,dungeon,walls form maze paths with bats clustered along bottom and center,295
the_legend_of_zelda,open floor room with two monsters centered,335,super_mario_bros,staircase ground rising to right with question block and floating ground platforms,495
the_legend_of_zelda,large square floor with central blocks and wall border openings,341,super_mario_bros,scattered breakable block platforms with midair question block cluster,273
lode_runner,ground platforms left and right diggable ground center pit ladders left and center rope top,60,super_mario_bros,flat ground with three pipes and scattered goombas and a question block overhead,275
dungeon,central open area surrounded by wall with bats along edges and sparse paths,89,lode_runner,ground bottom and right diggable ground center rope left ladder left gold scattered enemy pink person,96
lode_runner,ground border diggable ground left clusters ladder center rope top gold left enemy top,0,the_legend_of_zelda,square wall ring with large central floor area,155
dungeon,walls form central blocks with bats clustered in lower left and right,257,the_legend_of_zelda,water ring around central floor with blocks,106
super_mario_bros,flat ground with scattered breakable block platforms and one question block,182,dungeon,scattered wall blocks with bats spread across open paths,479
the_legend_of_zelda,open floor with diagonal blocks from left to center and a door on left wall,290,dungeon,scattered wall blocks with open paths and bats around edges,55
the_legend_of_zelda,open floor room with two monsters centered,335,dungeon,scattered wall blocks with bats along winding paths,304
super_mario_bros,ground floor with central breakable block platform and coins above,228,lode_runner,ground platforms left and right ladder center rope top gold scattered enemy top center,299
the_legend_of_zelda,central floor grid with four block clusters and side doors,128,lode_runner,ground border platforms diggable ground center rope right ladder left right gold scattered enemy bottom center,221
lode_runner,ground platforms left and right ladder center rope top gold scattered enemy top center,299,the_legend_of_zelda,spiral wall corridor with waterfloor channel inside,294
the_legend_of_zelda,blocks form zigzag diagonal paths across floor inside walls,136,super_mario_bros,flat ground with two goomba and scattered breakable block platforms and one question block,209
super_mario_bros,staircase ground slope rising left with coins upper right,519,lode_runner,ground border diggable ground platforms ladders left center rope top center gold scattered enemy center,137
super_mario_bros,ground forms left wall and bottom floor with small step on right,328,lode_runner,ground border top left diggable ground scattered ladder center rope top gold,317
lode_runner,ground border top right diggable ground left pit ladders center right gold scattered enemy top,496,dungeon,walls form central block with surrounding paths and scattered bats,174
lode_runner,ground blocks left and right central ladder gold along ladder enemy top right,314,dungeon,walls form maze paths around scattered bats,392
dungeon,zigzag wall corridors with scattered bat along path,415,super_mario_bros,three brick platforms scattered upper right and center with small lower center block and coins left and,161
the_legend_of_zelda,open floor with scattered blocks and one door on left,135,dungeon,central open area surrounded by wall with bats along edges and sparse paths,89
super_mario_bros,flat ground with pipe right and question blocks above center,165,dungeon,walls form stepped zigzag path with bats scattered around,358
the_legend_of_zelda,square floor bordered by wall with central block cluster,154,lode_runner,ground maze with ladders ropes gold scattered enemy top center,451
dungeon,central vertical wall with cross paths and bats around edges,178,the_legend_of_zelda,large square floor room enclosed by wall with two doors opposite and two blocks center,158
the_legend_of_zelda,square floor room with central block cluster,524,lode_runner,ground diagonal left mass ladders along slope gold mid left enemy right ground,52
lode_runner,ground border bottom diggable ground platforms scattered ladders vertical center left right gold on platforms,466,dungeon,bats clustered along bottom center path amid scattered walls,34
super_mario_bros,two pipes on ground with goombas and small breakable block platforms above,268,dungeon,walls form central open area with bats around edges and bottom path,122
lode_runner,ground platforms top and mid left diggable ground right rope none ladders center gold scattered,447,the_legend_of_zelda,diagonal wall band across floor with doors top and bottom,480
the_legend_of_zelda,square floor with central block cluster and bottom door,372,dungeon,walls form central open area with bats around edges and bottom path,122
super_mario_bros,ground slopes up to right with question block top right,224,the_legend_of_zelda,open floor with blocks forming curved diagonal band on right,201
the_legend_of_zelda,diagonal wall band across floor with doors top and bottom,480,super_mario_bros,ground left slope with three goomba and scattered question block breakable block platforms,276
super_mario_bros,flat ground with scattered goomba and pipe at right,151,the_legend_of_zelda,square floor bordered by wall with central stair,354
super_mario_bros,scattered breakable block platforms with midair question block cluster,273,the_legend_of_zelda,water forms large rectangular ring around central floor corridor,288
dungeon,central horizontal path with scattered bats and wall blocks,87,the_legend_of_zelda,square floor with central block ring and four side doors,481
dungeon,wall grid with scattered rectangular path gaps,403,super_mario_bros,ground forms stepped platform left then long flat ground right,120
the_legend_of_zelda,large square floor enclosed by wall with door on right,61,dungeon,central path with scattered wall blocks and bats along top edge,527
the_legend_of_zelda,large open floor room enclosed by wall with one door on right and one door bottom,391,super_mario_bros,two ground platforms separated by gap with single coin above right,22
super_mario_bros,ground floor with central breakable block platform and coins above,228,lode_runner,ground platforms top and mid right gold scattered enemy pink person mid left ladder left rope center,115
lode_runner,ground diagonal left mass ladders along slope gold mid left enemy right ground,52,the_legend_of_zelda,large floor room with diagonal block chain from upper left to lower right,464
dungeon,scattered wall blocks with narrow path gaps no bat,452,the_legend_of_zelda,large square floor with diagonal block pattern and surrounding wall,183
super_mario_bros,ground along bottom with scattered breakable block platforms and coin row near top,472,the_legend_of_zelda,waterfloor maze corridors around central blocks with doors north south,419
dungeon,walls form maze paths with bats clustered in upper rooms and one central,378,lode_runner,ground left platforms rope top left ladder top center diggable ground top right gold mid left,244
super_mario_bros,staircase ground rising left to right with question block row and goomba on right,337,the_legend_of_zelda,central stair surrounded by scattered blocks on open floor within walls,177
super_mario_bros,two elevated ground platforms with goomba on long top platform and coins above right ground stack,117,lode_runner,ground bottom band diggable ground mid blocks ladders left and right ropes none gold scattered,516
lode_runner,ground maze with ladders ropes gold scattered enemy top center,451,the_legend_of_zelda,open floor room with two monsters centered and doors on left and bottom,360
lode_runner,ground platforms left and mid diggable ground slope right ladder top right rope mid gold left,510,the_legend_of_zelda,large central floor room surrounded by wall with door openings top bottom right,93
the_legend_of_zelda,floor ring around central block with left door,326,lode_runner,ground bottom strip ladders left center right gold left enemy left rope none,114
the_legend_of_zelda,open floor with blocks forming curved diagonal band on right,201,dungeon,scattered wall blocks with winding path and bats clustered in open rooms,387
super_mario_bros,two ground pyramids separated by gap,77,dungeon,spiral wall path with bats clustered near center,116
super_mario_bros,ground platform with left ledge and central vertical wall goomba pair,33,dungeon,scattered wall blocks with bats across open paths,531
the_legend_of_zelda,waterfloor spiral around central blocks within outer wall ring,105,lode_runner,ground clusters left and right diggable ground center ladder rope gold scattered enemy pink person upper,44
the_legend_of_zelda,central block cluster with one monster on floor,24,lode_runner,ground border bottom diggable ground platforms scattered ladders vertical center left right gold on platforms,466
the_legend_of_zelda,central block cluster with one monster on floor,411,dungeon,scattered wall blocks with bats near bottom and open paths,239
the_legend_of_zelda,square floor with central block ring and one stair,18,dungeon,central path with bat clusters in upper left and lower right walls around edges,504
the_legend_of_zelda,water forms large rectangular ring around central floor corridor,288,lode_runner,ground border diggable ground right block ladders left columns ropes mid gold top left enemy,408
super_mario_bros,flat ground with scattered breakable block clusters and three goomba and a pipe right,336,dungeon,bats clustered along bottom center path amid scattered walls,34
the_legend_of_zelda,square floor ring with inner wall and central water column,445,lode_runner,ground border diggable ground left rope left ladder center right gold scattered enemy left,533
dungeon,winding central path with scattered bats and surrounding wall,522,lode_runner,ground border diggable ground center ladders left right rope top gold scattered enemy center,11
the_legend_of_zelda,large central floor room surrounded by wall ring with two side doors and bottom door,377,dungeon,paths through walls with bat clusters top right and bottom right,389
the_legend_of_zelda,large open floor room surrounded by wall with two door openings left and right,265,dungeon,central winding path with scattered bats and surrounding wall blocks,555
dungeon,scattered walls with bats in open areas and winding paths,107,lode_runner,ground maze with ladders ropes gold scattered enemy top center,451
dungeon,central winding path through walls with bats scattered around,369,super_mario_bros,ground platforms left and right with central coin row,306
super_mario_bros,flat ground with three pipes each holding goomba and a right floating breakable block platform,321,the_legend_of_zelda,square floor ring with central block area and monsters in grid,198
the_legend_of_zelda,water forms large rectangular ring around central floor corridor,288,super_mario_bros,flat ground with tall pipe right and two question block rows left,461
the_legend_of_zelda,open floor with scattered blocks and walls around edges,10,lode_runner,ground left and bottom gold center ladders top right rope top left,150
dungeon,scattered wall blocks with narrow path gaps no bat,452,the_legend_of_zelda,open floor with scattered blocks and walls around edges,10
the_legend_of_zelda,central floor grid with four block clusters and side doors,128,dungeon,scattered wall blocks with bats spread across open paths,479
dungeon,bats along a diagonal path between walls,229,the_legend_of_zelda,large central floor room surrounded by wall border,31
super_mario_bros,flat ground with left question block row and central cannon and two goomba,540,dungeon,bats clustered along bottom center path amid scattered walls,34
the_legend_of_zelda,central stair surrounded by blocks on open floor,108,super_mario_bros,flat ground with central pipe and two goomba,423
dungeon,walls form central block with scattered wall islands and open paths,181,super_mario_bros,ground forms left wall and bottom floor with small step on right,328
the_legend_of_zelda,large central floor room surrounded by wall ring with right door opening,140,dungeon,path maze between wall blocks with many bats scattered,124
lode_runner,ground border top bottom ladders left center rope mid gold left enemy,557,dungeon,scattered wall blocks with open path and bats dispersed,202
dungeon,walls form scattered blocks with winding paths and bats dispersed,376,super_mario_bros,ground along bottom with scattered breakable block platforms and coin row near top,472
dungeon,walls form central spiral path with bats scattered throughout,16,lode_runner,ground bottom and right diggable ground center rope left ladder left gold scattered enemy pink person,96
lode_runner,ground border top right diggable ground left ladder right enemypink person top corners,103,the_legend_of_zelda,diagonal wall band across floor with doors top and bottom,480
dungeon,walls form maze with central path and bats clustered left right and bottom,29,super_mario_bros,ground floor with central breakable block platform and coins above,228
the_legend_of_zelda,square floor ring with inner wall and central water column,445,lode_runner,ground border diggable ground central blocks ladders vertical shafts gold scattered enemy lower left,300
lode_runner,ground border diggable ground top right rope mid ladder center gold scattered enemy right,380,the_legend_of_zelda,central water strip across floor with top and bottom door openings,386
lode_runner,ground bottom band diggable ground left mass ladder left rope mid gold scattered enemy center,111,the_legend_of_zelda,floor ring around central wall void,280
the_legend_of_zelda,square floor room with four water blocks near center and right wall door,374,lode_runner,ground border platforms diggable ground central block ladder left edge gold scattered enemy right center,506
lode_runner,ground left platforms diggable ground right wall ladder center rope none gold top left enemy center,407,super_mario_bros,flat ground with two elevated brick platforms with question block,404
the_legend_of_zelda,central floor room with two wall pillars and four monsters near center,549,lode_runner,ground border platforms diggable ground center rope right ladder left right gold scattered enemy bottom center,221
lode_runner,ground border platforms diggable ground center rope right ladder left right gold scattered enemy bottom center,221,super_mario_bros,two elevated ground platforms with goomba on long top platform and coins above right ground stack,117
the_legend_of_zelda,large open floor room with two monsters centered vertically,500,dungeon,path with bat cluster in upper right near wall,347
the_legend_of_zelda,square floor bordered by wall with central block cluster and right door,47,dungeon,scattered wall blocks with bats along winding paths,123
lode_runner,ground platforms top and mid left diggable ground right rope none ladders center gold scattered,447,super_mario_bros,flat ground with gap right and two question block above,420
super_mario_bros,scattered floating breakable block platforms above ground,410,the_legend_of_zelda,square floor room with central block cluster and top bottom door,381
the_legend_of_zelda,square floor with central block diamond pattern,143,super_mario_bros,scattered floating ground platforms with coins and no enemies,370
super_mario_bros,flat ground with right question block row and goomba,222,lode_runner,ground border diggable ground center ladder left right rope top gold scattered enemy center,316
the_legend_of_zelda,large central floor room surrounded by wall with door openings top bottom right,93,dungeon,walls form central winding path with bats scattered around,325
dungeon,cross shaped wall with bats around and open path edges,227,super_mario_bros,ground forms two plateaus with central hill and a coin above,350
dungeon,walls form stepped blocks with open paths around edges and center,138,the_legend_of_zelda,square floor room with wall border and two monsters centered,463
the_legend_of_zelda,square floor room with four monsters near corners and doors top bottom,511,dungeon,central winding path through walls with bats scattered around,369
the_legend_of_zelda,large floor room enclosed by wall with door at bottom center,230,lode_runner,ground border top left ladder center rope top gold scattered mid enemy right,167
lode_runner,ground bottom band diggable ground left and center blocks gold row left enemy right ladder top,542,dungeon,path with bat cluster in upper right near wall,347
lode_runner,ground platforms top and mid left diggable ground right rope none ladders center gold scattered,447,the_legend_of_zelda,square floor room with four water blocks near center and right wall door,374
super_mario_bros,ground platform left with tall breakable block column and goomba coin pair right,260,lode_runner,ground platforms top and mid left diggable ground right rope none ladders center gold scattered,447
super_mario_bros,ground platforms split left and right with question block pair upper left,84,the_legend_of_zelda,floor with central diamond block cluster inside wall border,546
the_legend_of_zelda,open floor with diagonal wall x pattern and side doors,195,dungeon,walls form winding path with bats scattered throughout,279
dungeon,walls form grid of blocks with scattered paths and bats,252,the_legend_of_zelda,floor with central diamond block cluster inside wall border,546
dungeon,bats clustered along bottom center path amid scattered walls,34,the_legend_of_zelda,water forms large rectangular ring around central floor corridor,288
the_legend_of_zelda,central floor room with two wall pillars and four monsters near center,204,dungeon,central open area with wall border and bats along edges and paths,309
the_legend_of_zelda,square wall border with large central floor area and left door,489,super_mario_bros,ground valley with left pipe and right stepped ground wall,289
the_legend_of_zelda,diagonal wall from bottom left to top right across floor with door bottom center,432,dungeon,zigzag wall corridors with scattered bat along path,415
lode_runner,ground border diggable ground top right gold top right ladder left rope mid left enemyp,544,dungeon,walls form maze paths with bats clustered bottom right,534
dungeon,walls form maze paths with bats clustered upper left and lower left,171,lode_runner,ground bottom right ladders right rope mid gold upper right enemy left,343
the_legend_of_zelda,open floor room with two monsters centered vertically,225,dungeon,walls scattered in blocks with many short paths between them,74
dungeon,wall grid with scattered rectangular path gaps,403,lode_runner,ground border left and bottom diggable ground right wall gold scattered upper left enemy center bottom,278
super_mario_bros,flat ground with two goomba between two pipe,433,the_legend_of_zelda,square floor room with wall border and two monsters centered,463
super_mario_bros,flat ground with scattered breakable block platforms and one question block,182,the_legend_of_zelda,floor with diagonal wall zigzag in right half,175
super_mario_bros,two elevated ground platforms with goomba on top and coins upper right,528,the_legend_of_zelda,rectangular wall border with inner water pool surrounded by floor corridor and side doors,80
super_mario_bros,ground forms stepped platform left then long flat ground right,120,dungeon,walls form central blocks with bats clustered in lower left and right,257
dungeon,spiral wall path with bats around edges and inside,413,super_mario_bros,flat ground with three pipes each holding goomba and a right floating breakable block platform,321
lode_runner,ground blocks center right platform ladders left and center rope top gold top left enemy none,473,the_legend_of_zelda,central stair surrounded by blocks on open floor,108
the_legend_of_zelda,large square floor area enclosed by wall with four door openings,505,super_mario_bros,ground platform with left ledge and central vertical wall goomba pair,33
super_mario_bros,two ground pyramids separated by gap,77,the_legend_of_zelda,waterfloor rectangular pool centered surrounded by floor and wall border,468
super_mario_bros,flat ground with central pipe and scattered goomba,262,lode_runner,ground left mass diggable ground center right gold scattered enemy top left ladder center rope none,240
the_legend_of_zelda,checkerboard floor with four block diamond clusters near center,401,dungeon,maze of walls with many small paths and scattered bats,402
the_legend_of_zelda,square floor with central block ring and one stair,18,lode_runner,ground border diggable ground center ladder left rope right gold mid enemy bottom center,49
super_mario_bros,flat ground with two elevated brick platforms with question block,404,the_legend_of_zelda,square floor with central block diamond and two doors top bottom,465
super_mario_bros,ground slopes up to right with question block top right,224,dungeon,walls form central block with paths around and bats clustered top and right,20
the_legend_of_zelda,large square floor with diagonal block pattern and surrounding wall,183,super_mario_bros,flat ground with cannon left pipe center goombas on pipe and right,422
the_legend_of_zelda,spiral waterfloor channel inside square floor with outer wall and two door,219,dungeon,bats scattered around central wall with narrow path openings,454
the_legend_of_zelda,floor ring around central block with left door,326,dungeon,walls form central open area with bats around edges and bottom path,122
lode_runner,ground platforms left and right diggable ground center pit ladders left and center rope top,60,the_legend_of_zelda,square floor with central block diamond pattern,143
dungeon,walls form central maze with bats scattered along paths,15,the_legend_of_zelda,large central water pool surrounded by floor and outer wall,550
the_legend_of_zelda,large central floor square surrounded by wall ring and inner block border,25,lode_runner,ground platforms left and mid rope right ladder center gold top center enemy left mid,247
super_mario_bros,ground platforms separated by gaps,429,lode_runner,ground bottom strip ladder left rope center gold top clusters enemy top left,437
the_legend_of_zelda,open floor room with scattered monsters and central block cluster,160,super_mario_bros,scattered breakable block platforms with goomba on central platform and coins at top left,523
the_legend_of_zelda,open floor room with two monsters near center,159,lode_runner,ground platforms across top mid and bottom ladders right and center rope top,388
the_legend_of_zelda,square floor room with two monsters centered and doors top bottom,241,dungeon,walls form central spiral path with bats scattered throughout,16
the_legend_of_zelda,large open floor room enclosed by wall with two door openings,196,lode_runner,ground border diggable ground center ladders left right rope top gold scattered enemy center,11
the_legend_of_zelda,floor with central block diamond pattern and surrounding wall border,169,lode_runner,ground platforms top middle and mid left ladder sides rope mid right gold top left and mid,493
the_legend_of_zelda,blocks form zigzag diagonal paths across floor inside walls,136,dungeon,wall grid with scattered rectangular path gaps,403
dungeon,bat cluster left of central path between walls,283,the_legend_of_zelda,open floor room with border wall and two central blocks,477
the_legend_of_zelda,square floor room with central blocks and side doors,168,lode_runner,ground border top diggable ground center ladder vertical gold clusters upper corners enemy bottom center,264
dungeon,walls form stepped blocks with open paths around edges and center,138,lode_runner,ground maze left diggable ground right ladder center rope right gold left enemy top right,92
dungeon,walls form e shape with bats scattered along paths,236,lode_runner,ground bottom left ladder right rope top gold mid enemypink person,3
dungeon,walls form stepped zigzag path with bats scattered around,358,lode_runner,ground border top right diggable ground left pit ladders center right gold scattered enemy top,496
the_legend_of_zelda,open floor with central block cluster and bottom door,190,lode_runner,ground platforms top and mid left diggable ground right rope none ladders center gold scattered,447
dungeon,path maze with walls and bats clustered right and lower left,2,super_mario_bros,ground at bottom with brick ceiling and question block cluster right with coins,352
the_legend_of_zelda,floor grid with scattered blocks inside surrounding wall,259,lode_runner,ground platforms top and mid left diggable ground right rope none ladders center gold scattered,447
super_mario_bros,flat ground with central pipe and scattered breakable block platforms and two goomba,526,lode_runner,ground borders diggable ground center ladders vertical rope left gold scattered enemy upper center,242
lode_runner,ground borders diggable ground center ladders vertical rope left gold scattered enemy upper center,242,the_legend_of_zelda,floor grid with scattered blocks inside surrounding wall,248
super_mario_bros,ground along bottom with scattered breakable block platforms and coin row near top,472,the_legend_of_zelda,large floor room with diagonal block chain from upper left to lower right,464
the_legend_of_zelda,large floor room enclosed by wall with central empty area,109,super_mario_bros,ground with left pipe and right stepped breakable block hill,541
dungeon,central vertical wall with cross paths and bats around edges,178,lode_runner,ground bottom left ladder right rope top gold mid enemypink person,3
super_mario_bros,staircase breakable block pyramid on ground with goomba right,371,lode_runner,ground bottom left ladder center gold scattered upper right enemypink person,436
dungeon,walls form central block with surrounding paths and scattered bats,174,super_mario_bros,ground forms tall left wall and long bottom platform with small right step single breakable,14
the_legend_of_zelda,square floor room with central blocks and right wall door,543,super_mario_bros,ground platform with tall vertical wall left and two floating breakable block clusters right,497
dungeon,path maze with walls and bats clustered right and lower left,2,the_legend_of_zelda,central floor with two vertical block columns and surrounding wall border,342
super_mario_bros,ground platforms with scattered question block clusters and two goomba on left,163,lode_runner,ground forms central mass top right diggable ground left gold mid left ladder top left rope,476
dungeon,walls form central block with surrounding paths and scattered bats,174,super_mario_bros,stepped ground platform descending right with empty sky,66
the_legend_of_zelda,central floor room with two wall pillars and four monsters near middle,153,super_mario_bros,flat ground with three goomba left and pipe right under two question block rows,23
dungeon,walls form maze paths with bats clustered bottom right,534,the_legend_of_zelda,large floor room with two central block clusters aligned vertically,85
lode_runner,ground border diggable ground blocks center ladder left rope top gold scattered enemy right,444,dungeon,walls form scattered blocks with winding paths and bats dispersed,376
lode_runner,ground left and bottom gold center ladders top right rope top left,150,the_legend_of_zelda,blocks form zigzag diagonal paths across floor inside walls,136
lode_runner,ground border platforms diggable ground central block ladder left edge gold scattered enemy right center,506,the_legend_of_zelda,square floor room with four monsters near corners and right wall door,184
super_mario_bros,flat ground with two elevated brick platforms with question block,404,lode_runner,ground left and bottom gold center ladders top right rope top left,150
the_legend_of_zelda,large open floor room with central wall pillar and left door,235,dungeon,winding path through scattered wall blocks with bats in open areas,475
the_legend_of_zelda,large square floor with central blocks and wall border openings,341,super_mario_bros,ground along bottom with scattered breakable block platforms and coin row near top,472
super_mario_bros,flat ground with scattered breakable block platforms and a top row of coins and one question,88,the_legend_of_zelda,square floor room with wall border and two monsters centered,548
the_legend_of_zelda,large central floor square surrounded by wall ring and inner block border,25,lode_runner,ground top band ladder left edge enemy top left and top right,405
the_legend_of_zelda,central block diamond cluster with monster near top and right door,362,dungeon,spiral wall path with bats clustered near center,116
lode_runner,ground border maze diggable ground pockets ladders left center ropes sparse gold clusters left bottom,186,the_legend_of_zelda,open floor with diagonal blocks from left to center and a door on left wall,290
the_legend_of_zelda,water forms large rectangular ring around central floor corridor,288,dungeon,spiral path around central wall with bats scattered,272
super_mario_bros,flat ground with scattered breakable block platforms and a top row of coins and one question,88,dungeon,scattered wall blocks with bats along winding paths,304
dungeon,central path with scattered wall blocks and bats,188,lode_runner,ground border diggable ground scattered center ladder vertical rope left gold top right enemy bottom left,529
dungeon,central path with bats scattered and surrounding wall,474,the_legend_of_zelda,large square floor room enclosed by wall with central block cluster,507
dungeon,central winding path with scattered wall blocks and bats near top corners,396,the_legend_of_zelda,square floor room enclosed by wall with door openings on left and top,453
dungeon,square spiral wall path with bats scattered inside,220,super_mario_bros,ground forms tall left wall then long flat platform with small right step,482
the_legend_of_zelda,floor grid with central block cluster and surrounding wall border,28,lode_runner,ground platforms top and mid left diggable ground right rope none ladders center gold scattered,447
the_legend_of_zelda,large square floor room enclosed by wall with central block cluster,507,lode_runner,ground border maze diggable ground corridors gold scattered mid enemy left rope none ladder none,491
the_legend_of_zelda,central floor with scattered monsters and one block cluster on right,327,super_mario_bros,flat ground with scattered cannons and a goomba question block above,383
lode_runner,ground clusters left and right diggable ground center ladder rope gold scattered enemy pink person upper,44,the_legend_of_zelda,floor grid with scattered blocks inside surrounding wall,259
super_mario_bros,pipes of varying heights on continuous ground with goombas on pipes,205,dungeon,walls form stepped blocks with open paths around edges and center,138
dungeon,wall maze with central path and bats scattered throughout,53,the_legend_of_zelda,floor with central diamond block cluster inside wall border,546
the_legend_of_zelda,square floor room with four monsters near corners and side doors,339,lode_runner,ground border diggable ground central right rope ladder center gold scattered enemy left center,1
lode_runner,ground bottom band diggable ground right block ladder center rope left gold scattered enemy upper right,363,the_legend_of_zelda,large square floor room with central block cluster and wall border,556
the_legend_of_zelda,square floor room enclosed by wall with central block,353,lode_runner,ground border left top diggable ground right ladder center gold right enemy top right,218
the_legend_of_zelda,diagonal wall zigzag across open floor,302,super_mario_bros,two elevated ground platforms with goomba on top and coins upper right,528
lode_runner,ground maze left diggable ground right ladder center rope right gold left enemy top right,92,dungeon,central cross path with scattered wall blocks and bats clustered lower center,450
dungeon,walls form maze with winding paths and scattered bats,223,lode_runner,ground clusters left and right diggable ground center ladder rope gold scattered enemy pink person upper,44
the_legend_of_zelda,large floor room with central wall pillar and two side doors,319,dungeon,walls form winding path with bats scattered throughout,279
dungeon,bats clustered along left wall with winding path to right,322,the_legend_of_zelda,large central floor room surrounded by wall border,31
lode_runner,ground bottom left diggable ground central gold scattered ladder left rope top,351,dungeon,central open area with wall border and bats along edges and paths,309
lode_runner,ground border diggable ground center ladder left rope right gold mid enemy bottom center,49,super_mario_bros,scattered breakable block platforms with coins above and ground gaps,394
dungeon,walls form maze paths with bats clustered upper left and lower left,171,super_mario_bros,flat ground with central pipe and scattered goomba,262
dungeon,path maze with walls and bats clustered right and lower left,2,lode_runner,ground bottom band ladder center gold left enemypink person upper center diggable ground,320
dungeon,bats scattered around central wall with narrow path openings,454,super_mario_bros,staggered brick platforms with question blocks left and tall brick wall right,173
lode_runner,ground border top right diggable ground left pit ladders center right gold scattered enemy top,496,dungeon,walls form central block with bats scattered and paths around edges,483
dungeon,spiral wall path with bats around edges and inside,413,lode_runner,ground platforms top and mid ladders left and center rope top gold left,425
lode_runner,ground forms central mass top right diggable ground left gold mid left ladder top left rope,476,super_mario_bros,flat ground with three pipes and two goomba on pipes,79
lode_runner,ground bottom ladders right ropes mid gold scattered left enemy top left,490,super_mario_bros,flat ground with scattered question block and one goomba,6
the_legend_of_zelda,square floor ring with central water corridor spiral,110,super_mario_bros,flat ground with scattered cannons and a goomba question block above,383
lode_runner,ground platforms top and mid ladders left and center rope top gold left,425,super_mario_bros,ground forms u shaped pit with goombas on top and lone breakable block above,501
dungeon,walls form central winding path with bats scattered throughout,233,super_mario_bros,flat ground with two elevated brick platforms with question block,404
dungeon,walls form e shape with bats scattered along paths,236,the_legend_of_zelda,central wall blob with four monsters on floor and door bottom,430
lode_runner,ground border platforms ladders left and center rope center gold scattered enemy pink center and lower,213,dungeon,central open area surrounded by wall with bats along edges and sparse paths,89
the_legend_of_zelda,large square floor room enclosed by wall with central block cluster,507,lode_runner,ground left slope diggable ground right blocks ladder center rope none gold scattered enemy none,211
super_mario_bros,staircase ground rising to right then flat ground,443,the_legend_of_zelda,floor with central block diamond pattern and surrounding wall border,169
dungeon,central path network with scattered bats and surrounding walls,409,lode_runner,ground border diggable ground scattered center ladder vertical rope left gold top right enemy bottom left,529
super_mario_bros,ground valley with left pipe and right stepped ground wall,289,dungeon,winding path through scattered wall blocks with bats in open areas,475
the_legend_of_zelda,central stair surrounded by scattered blocks on open floor within walls,177,dungeon,walls form scattered rooms with central path and bats spread throughout,256
the_legend_of_zelda,square wall ring with central water corridor,537,lode_runner,ground platforms top middle and mid left ladder sides rope mid right gold top left and mid,493
the_legend_of_zelda,square floor room with two monsters centered and doors top bottom,241,lode_runner,ground bottom band diggable ground left and center blocks gold row left enemy right ladder top,542
super_mario_bros,staircase ground rising to the right,514,dungeon,central vertical path with bats and surrounding walls,292
super_mario_bros,flat ground with two elevated brick platforms with question block,404,lode_runner,ground border diggable ground left wall platforms gold scattered upper mid enemy mid rope top ladder,344
dungeon,walls form scattered rooms with central path and bats spread throughout,256,lode_runner,ground top band diggable ground mid band ladders left gold scattered enemies none,232
lode_runner,ground border left bottom right diggable ground clusters top mid rope top ladder right gold scattered,81,super_mario_bros,flat ground with scattered cannons and a goomba question block above,383
lode_runner,ground border platforms ladders left and center rope center gold scattered enemy pink center and lower,213,the_legend_of_zelda,large open floor with central wall pillar and right door,431
super_mario_bros,flat ground with scattered breakable block and question block,12,dungeon,path maze with scattered wall blocks and four bats,385
the_legend_of_zelda,square wall ring around large central floor with two side doors,149,dungeon,zigzag wall corridors with scattered bat along path,415
dungeon,bats along a diagonal path between walls,229,lode_runner,ground border diggable ground left clusters ladders center right gold scattered enemy left,400
the_legend_of_zelda,floor with diagonal block stripes across open area,21,dungeon,central cross path with walls and bat clusters top left and top right,146
the_legend_of_zelda,large open floor room enclosed by wall with single door bottom,58,super_mario_bros,ground with pipe on right and stepped breakable block pillars on left,9
the_legend_of_zelda,open floor room with scattered monsters and central block cluster,160,dungeon,bats clustered along bottom center path amid scattered walls,34
super_mario_bros,flat ground platform with three goomba spaced across,382,the_legend_of_zelda,water ring around central floor with blocks,106
the_legend_of_zelda,waterfloor rectangular pool centered surrounded by floor and wall border,468,super_mario_bros,ground staircase with pipe left and floating question block platforms,462
super_mario_bros,flat ground with two goomba between two pipe,433,the_legend_of_zelda,large floor room with central wall pillar and right door,307
dungeon,central path with bat clusters in upper left and lower right walls around edges,504,super_mario_bros,flat ground with pipe right and question blocks above center,165
dungeon,maze like wall corridors with bats along central path,357,lode_runner,ground border platforms diggable ground center rope right ladder left right gold scattered enemy bottom center,221
the_legend_of_zelda,open floor room with two monsters centered and doors on left and bottom,360,dungeon,bats clustered left with scattered walls and winding paths,70
dungeon,bats clustered top left behind wall with winding path corridors,32,super_mario_bros,two elevated ground platforms with goomba on top and coins upper right,528
lode_runner,ground borders diggable ground center ladders vertical rope left gold scattered enemy upper center,242,super_mario_bros,scattered breakable block platforms with midair question block cluster,273
super_mario_bros,two rows of question block upper left goomba trio on ground right,144,the_legend_of_zelda,diagonal wall band across floor with doors top and bottom,216
dungeon,central cross path with walls and bat clusters top left and top right,146,super_mario_bros,flat ground with scattered breakable block platforms and one question block,182
dungeon,walls form maze paths with bats clustered along bottom and center,295,lode_runner,ground left mass diggable ground right platforms ladder center rope top gold right enemy right,194
the_legend_of_zelda,square floor room with four monsters near corners and side doors,418,dungeon,scattered wall blocks with narrow path gaps no bat,452
dungeon,walls form scattered blocks with winding paths and bats dispersed,170,super_mario_bros,two ground pyramids separated by gap,77
dungeon,bats scattered across open paths between wall blocks,217,the_legend_of_zelda,three vertical floor corridors separated by wall blocks,518
dungeon,scattered wall blocks with open paths and bats around edges,55,the_legend_of_zelda,single large floor room enclosed by wall with one door south,384
super_mario_bros,ground platform center with upper left breakable block row and upper right coin row,486,dungeon,walls form maze paths with bats scattered mostly along paths,212
the_legend_of_zelda,square floor ring with central block area and monsters in grid,198,super_mario_bros,flat ground with scattered question block rows and one pipe right,38
the_legend_of_zelda,wall border enclosing large central floor area,286,lode_runner,ground left and right platforms ladders left center rope top gold center enemy top,416
super_mario_bros,staircase ground rising to right with question block and floating ground platforms,495,dungeon,scattered wall clusters with bats spread across open path,270
the_legend_of_zelda,water ring around central floor with blocks,106,lode_runner,ground border bottom diggable ground platforms scattered ladders vertical center left right gold on platforms,466
dungeon,walls form zigzag path with bats scattered throughout,97,lode_runner,ground blocks left and right central ladder gold along ladder enemy top right,314
lode_runner,ground border diggable ground central block ladders right and top rope top gold scattered enemy,249,the_legend_of_zelda,open floor room with two monsters near center,159
the_legend_of_zelda,square floor room with central blocks and side doors,168,super_mario_bros,flat ground with scattered cannons and a goomba question block above,383
dungeon,central path between wall blocks with bat clusters left and right,503,lode_runner,ground border diggable ground center ladders left right rope top gold scattered enemy center,11
dungeon,walls form zigzag path with bats scattered throughout,97,super_mario_bros,flat ground with two elevated brick platforms with question block,404
super_mario_bros,scattered floating breakable block platforms above ground,410,the_legend_of_zelda,large open floor room enclosed by wall with door at bottom center,246
super_mario_bros,flat ground with scattered goomba clusters,45,lode_runner,ground border diggable ground center gold scattered ladders left right rope top enemy right,54
the_legend_of_zelda,square floor room with central block cluster and top bottom door,381,super_mario_bros,stepped ground platform descending right with empty sky,66
the_legend_of_zelda,waterfloor zigzag path through floor grid,192,lode_runner,ground bottom left ladder center gold scattered upper right enemypink person,436
the_legend_of_zelda,large square floor room with four monsters near corners,438,dungeon,central cross path with scattered wall blocks and bats clustered lower center,450
super_mario_bros,two ground platforms separated by gap with single coin above right,22,the_legend_of_zelda,square floor room with two monsters centered and doors top bottom,241
lode_runner,ground bottom band ladders left and center rope mid gold right enemy top left,131,dungeon,maze of walls with many small paths and scattered bats,402
super_mario_bros,stepped ground platform descending right with empty sky,66,the_legend_of_zelda,central block column with diagonal blocks on floor inside wall,331
lode_runner,ground bottom strip ladder left rope center gold top clusters enemy top left,437,dungeon,two bat clusters in lower left and lower right separated by walls and paths,553
lode_runner,ground border diggable ground central rope right ladder left gold upper enemy lower,164,dungeon,winding path around central wall with scattered bat,373
super_mario_bros,flat ground with goomba left and pipe right and question blocks midair,185,dungeon,bats clustered along bottom center path amid scattered walls,34
the_legend_of_zelda,large floor room with diagonal block chain from upper left to lower right,464,super_mario_bros,ground forms u shaped pit with goombas on top and lone breakable block above,501
super_mario_bros,staircase ground rising to right with question block and floating ground platforms,495,the_legend_of_zelda,large square floor with diagonal block pattern and surrounding wall,183
super_mario_bros,flat ground with scattered question block and one goomba,6,the_legend_of_zelda,square floor room with four blocks and one door south,545
dungeon,walls form maze with central open area and winding paths for bats,515,super_mario_bros,ground with long breakable block platform top center and small breakable block ledge right,502
super_mario_bros,two ground pyramids separated by gap,77,the_legend_of_zelda,open floor with scattered blocks and one door on left,135
dungeon,scattered wall blocks with narrow path gaps no bat,452,the_legend_of_zelda,large open floor with wall border and right side block cluster near door,525
dungeon,walls form central vertical path with bats scattered in open rooms,538,the_legend_of_zelda,large floor room with central wall pillar and right door,307
lode_runner,ground border diggable ground center ladder right rope none gold scattered enemy left,125,super_mario_bros,ground platform with left ledge and central vertical wall goomba pair,33
super_mario_bros,ground platform left with tall breakable block column and goomba coin pair right,260,the_legend_of_zelda,spiral waterfloor corridor inside walls,287
super_mario_bros,scattered floating breakable block platforms above ground,410,dungeon,bats clustered along bottom center path amid scattered walls,34
dungeon,bats scattered along winding paths between walls,345,lode_runner,ground left and right platforms ladders left center rope top gold center enemy top,416
lode_runner,ground border diggable ground center ladder right rope none gold scattered enemy left,125,super_mario_bros,ground staircase left goomba on steps tall ground wall right,78
the_legend_of_zelda,square floor ring with inner wall and central water column,445,dungeon,scattered wall blocks with bats spread across open paths,479
dungeon,bats scattered across open paths between wall blocks,217,the_legend_of_zelda,diagonal wall from bottom left to top right across floor with door bottom center,432
dungeon,central winding path through walls with bats scattered around,369,super_mario_bros,staircase ground rising to right with question block and floating ground platforms,495
dungeon,walls form maze paths with bats scattered mostly along paths,212,lode_runner,ground border maze diggable ground corridors ladder right rope top gold scattered enemy center,191
the_legend_of_zelda,central floor with scattered monsters and one block cluster on right,327,lode_runner,ground top band ladders left right rope mid gold scattered center left enemy upper left,62
super_mario_bros,two separated ground platforms with goomba on left and coins at edges,145,dungeon,scattered wall blocks with bats along winding paths,304
the_legend_of_zelda,open floor room with central stair and surrounding wall,226,dungeon,scattered wall blocks with bats along winding paths,123
the_legend_of_zelda,square floor room with central block cluster and surrounding wall,456,lode_runner,ground border diggable ground left clusters ladders center right gold scattered enemy left,400
super_mario_bros,ground platform with central pipe and two goomba on ground,308,the_legend_of_zelda,square floor room enclosed by wall with two door openings top and bottom,459
lode_runner,ground top band diggable ground mid band ladders left gold scattered enemies none,232,the_legend_of_zelda,diagonal wall band across floor with doors top and bottom,216
lode_runner,ground top band ladder left edge enemy top left and top right,405,dungeon,bats lined along left wall with branching paths,68
lode_runner,ground border diggable ground center ladder left rope mid gold right enemy top,535,the_legend_of_zelda,open floor with blocks forming curved diagonal band on right,201
the_legend_of_zelda,floor with diagonal block stripes across open area,21,lode_runner,ground border diggable ground center gold scattered ladders left right rope top enemy right,54
dungeon,scattered wall blocks with bats across open paths,348,lode_runner,ground bottom strip ladder left rope center gold top clusters enemy top left,437
dungeon,walls form zigzag path with bats scattered throughout,97,super_mario_bros,flat ground with three pipes holding goombas and one goomba on ground with question,274
lode_runner,ground border diggable ground center platforms ladders top center left rope left gold scattered enemy,147,dungeon,scattered wall blocks with bats and winding paths,359
lode_runner,ground border diggable ground mid band ladder left and center rope right gold upper left enemy,231,super_mario_bros,three separated ground platforms with a large ground block on right,99
super_mario_bros,staircase ground platforms with scattered coins and goombas and one question block,166,the_legend_of_zelda,large floor room with central wall pillar and right door,307
dungeon,scattered wall blocks with bats spread across open paths,479,lode_runner,ground left and bottom gold center ladders top right rope top left,150
super_mario_bros,staircase ground rising to the right,514,dungeon,bats clustered on left near wall with open path right,530
dungeon,walls form central winding path with bats scattered around,325,lode_runner,ground left platforms ladder far left gold lower left enemy right center rope mid,488
the_legend_of_zelda,square floor room with wall border and two blocks inside,148,lode_runner,ground border diggable ground left maze gold scattered enemy bottom left ladder right rope top right,130
super_mario_bros,ground slopes up to right with question block top right,224,the_legend_of_zelda,square floor with central block ring and four side doors,481
the_legend_of_zelda,open floor with diagonal blocks from left to center and a door on left wall,290,lode_runner,ground border diggable ground center ladder left rope mid gold right enemy top,535
dungeon,walls form central block with scattered bats and open paths,305,the_legend_of_zelda,floor grid with diagonal wall bands forming repeating x pattern,356
the_legend_of_zelda,blocks form zigzag diagonal paths across floor inside walls,136,dungeon,walls form winding paths with bats scattered throughout,478
dungeon,winding path between wall blocks with bats scattered throughout,441,the_legend_of_zelda,large open floor with wall border and right side block cluster near door,525
dungeon,bats scattered around central wall with narrow path openings,454,lode_runner,ground platforms left and right diggable ground center pit ladders left and center rope top,60
lode_runner,ground border diggable ground center gold scattered ladders left right rope top enemy right,54,the_legend_of_zelda,floor grid with two symmetric block diamond clusters near center,470
dungeon,central winding path with scattered wall blocks and bats near top corners,396,super_mario_bros,staggered brick platforms with question blocks left and tall brick wall right,173
dungeon,walls form maze with central path and bats clustered left right and bottom,29,lode_runner,ground border diggable ground center gold cluster lower left ladder left rope right enemy mid right,517
dungeon,wall band across middle with bats clustered top and along wall path,234,lode_runner,ground border diggable ground center ladder left right rope top gold scattered enemy center,316
the_legend_of_zelda,large central floor room surrounded by wall border,31,lode_runner,ground border diggable ground blocks gold scattered mid enemy center ladder left rope top,71
the_legend_of_zelda,large open floor with right side blocks and one door,126,super_mario_bros,flat ground with single question block above and breakable block right,446
the_legend_of_zelda,large square floor area enclosed by wall with four door openings,505,dungeon,walls form winding path with bats scattered throughout,279
the_legend_of_zelda,central block cluster with one monster on floor,24,dungeon,scattered wall blocks with open path and bats dispersed,202
dungeon,scattered wall blocks with narrow path gaps no bat,452,the_legend_of_zelda,square floor room with two monsters centered and doors top bottom,241
dungeon,bats clustered along bottom center path amid scattered walls,34,super_mario_bros,flat ground with tall pipe right and two question block rows left,461
the_legend_of_zelda,square wall ring with central water corridor,537,dungeon,walls form central block with surrounding paths and scattered bats,174
super_mario_bros,ground staircase left goomba on steps tall ground wall right,78,dungeon,walls form central corridor path with bats clustered along bottom,329
lode_runner,ground border diggable ground blocks gold scattered mid enemy center ladder left rope top,71,the_legend_of_zelda,rectangular wall border with inner water pool surrounded by floor corridor and side doors,80
the_legend_of_zelda,large central floor room surrounded by wall ring with two side doors and bottom door,377,super_mario_bros,flat ground with scattered question block and one goomba,6
lode_runner,ground border top right diggable ground left ladder right enemypink person top corners,103,super_mario_bros,two elevated ground platforms with goomba on long top platform and coins above right ground stack,117
the_legend_of_zelda,square floor room with wall border and two monsters centered,463,lode_runner,ground platforms left and mid diggable ground slope right ladder top right rope mid gold left,510
the_legend_of_zelda,floor with central block diamond pattern and surrounding wall border,169,lode_runner,ground border diggable ground center ladder left rope right gold mid enemy bottom center,49
dungeon,scattered wall blocks with bats around edges and central paths,281,the_legend_of_zelda,single large floor room enclosed by wall with one door south,384
super_mario_bros,ground left slope with three goomba and scattered question block breakable block platforms,276,dungeon,bats clustered left with scattered walls and winding paths,70
dungeon,winding central path with scattered bats and surrounding wall,522,lode_runner,ground border left and bottom diggable ground right wall gold scattered upper left enemy center bottom,278
super_mario_bros,ground across bottom with goomba left and question block row above,393,the_legend_of_zelda,square floor with central block ring and one stair,18
the_legend_of_zelda,square wall ring around large central floor with two side doors,149,super_mario_bros,scattered breakable block platforms with small coin clusters above no ground,263
lode_runner,ground forms central mass top right diggable ground left gold mid left ladder top left rope,476,the_legend_of_zelda,floor grid with diagonal wall bands forming repeating x pattern,356
dungeon,scattered wall blocks with open path and bats dispersed,202,lode_runner,ground border diggable ground left rope left ladder center right gold scattered enemy left,533
lode_runner,ground border top bottom ladders left center rope mid gold left enemy,557,dungeon,walls form e shape with bats scattered along paths,236
the_legend_of_zelda,square floor room with four water blocks near center and right wall door,374,dungeon,scattered wall blocks with bats across open paths,531
dungeon,scattered wall blocks with bats along narrow paths,414,the_legend_of_zelda,square wall ring with large central floor area,155
lode_runner,ground left mass diggable ground center right gold scattered enemy top left ladder center rope none,240,dungeon,walls form central spiral path with bats scattered throughout,16
lode_runner,ground platforms top and mid left diggable ground right rope none ladders center gold scattered,447,dungeon,walls form grid of blocks with scattered paths and bats,252
lode_runner,ground border diggable ground center ladder right rope none gold scattered enemy left,125,dungeon,central open area with surrounding wall blocks and bats along edges and paths,253
the_legend_of_zelda,square floor room with four monsters near corners and side doors,339,dungeon,bats scattered across open paths between wall blocks,217
the_legend_of_zelda,square wall ring with central floor area and two door openings,179,dungeon,path maze between wall blocks with many bats scattered,124
dungeon,central vertical path with bats and surrounding walls,292,the_legend_of_zelda,large central floor room surrounded by wall border,31
dungeon,bats scattered around central wall with narrow path openings,454,super_mario_bros,stepped ground platform descending right with empty sky,66
lode_runner,ground left platforms diggable ground right wall ladder center rope none gold top left enemy center,407,dungeon,central winding path with scattered wall blocks and bats near top corners,396
lode_runner,ground platforms across top mid and bottom ladders right and center rope top,388,the_legend_of_zelda,square floor room with four monsters near corners and right wall door,184
lode_runner,ground top band ladder left edge enemy top left and top right,405,the_legend_of_zelda,large open floor room enclosed by wall with one door on left and one door bottom,552
the_legend_of_zelda,open floor room with two monsters centered,335,lode_runner,ground left slope diggable ground right blocks ladder center rope none gold scattered enemy none,211
the_legend_of_zelda,large open floor room enclosed by wall with one door on right and one door bottom,391,super_mario_bros,scattered ground platforms with a pipe on left and a cannon on right,390
the_legend_of_zelda,waterfloor zigzag path through floor grid,192,dungeon,central open area with surrounding wall and scattered bat along outer path,69
super_mario_bros,ground forms tall left wall then long flat platform with small right step,482,the_legend_of_zelda,square floor bordered by wall with central block cluster,154
the_legend_of_zelda,square floor bordered by wall with central block cluster,154,dungeon,central open area with surrounding wall and scattered bat along outer path,69
dungeon,scattered wall blocks with bats on open paths,72,lode_runner,ground maze left diggable ground right ladder center rope right gold left enemy top right,92
super_mario_bros,ground with long breakable block platform top center and small breakable block ledge right,502,dungeon,walls form central vertical path with bats scattered in open rooms,538
dungeon,central winding path with scattered wall blocks and bats near top corners,396,the_legend_of_zelda,square floor room with four monsters near corners and side doors,339
super_mario_bros,ground staircase with pipe left and floating question block platforms,462,the_legend_of_zelda,square floor room with central block cross and four corner blocks,245
the_legend_of_zelda,central floor with scattered monsters and one block cluster on right,327,dungeon,path maze with scattered wall blocks and four bats,385
the_legend_of_zelda,square floor with central block cluster and bottom door,372,dungeon,walls form e shape with bats scattered along paths,236
super_mario_bros,ground along bottom with three goomba and scattered question block and breakable block above,285,lode_runner,ground border diggable ground central block ladders right and top rope top gold scattered enemy,249
dungeon,walls form maze paths around scattered bats,392,super_mario_bros,three separated ground platforms with a large ground block on right,99
dungeon,scattered wall blocks with open paths and bats around edges,55,super_mario_bros,ground forms stepped platform left then long flat ground right,120
super_mario_bros,flat ground with pipe right and question blocks above center,165,dungeon,scattered wall blocks with bats in open areas and winding paths,520
super_mario_bros,two separated ground platforms with a lower right ground block and coins,428,dungeon,central vertical wall with cross paths and bats around edges,178
lode_runner,ground left platforms diggable ground blocks top left gold scattered left enemypink person,91,dungeon,scattered wall blocks with bats on open paths,254
lode_runner,ground border left and bottom diggable ground right wall gold scattered upper left enemy center bottom,278,dungeon,central path with scattered wall blocks and bats,188
lode_runner,ground bottom left slope diggable ground above ladder center rope top gold scattered enemy none,421,super_mario_bros,staircase ground slope rising left with coins upper right,519
dungeon,scattered wall blocks with open paths and bats around edges,449,the_legend_of_zelda,large open floor room enclosed by wall with two door openings,196
the_legend_of_zelda,central stair surrounded by scattered blocks on open floor within walls,177,dungeon,winding central path with scattered bats and surrounding wall,522
dungeon,scattered wall blocks with bats near bottom and open paths,239,super_mario_bros,ground platforms separated by gaps,429
the_legend_of_zelda,spiral wall corridor with waterfloor channel inside,294,super_mario_bros,flat ground with two cannons and one goomba,5
the_legend_of_zelda,diagonal wall band across floor with doors top and bottom,216,super_mario_bros,pipes on right ground scattered question block and breakable block platforms,467
the_legend_of_zelda,large water pool centered surrounded by floor and wall with door openings,237,lode_runner,ground border top bottom ladders left center rope mid gold left enemy,557
lode_runner,ground border diggable ground left clusters ladder center rope top gold left enemy top,0,the_legend_of_zelda,open floor with diagonal block line and scattered blocks,426
lode_runner,ground border diggable ground center ladder left rope right gold mid enemy bottom center,49,super_mario_bros,flat ground with scattered breakable block clusters and three goomba and a pipe right,336
lode_runner,ground border diggable ground platforms ladders left center rope top center gold scattered enemy center,137,the_legend_of_zelda,central wall blob with four monsters on floor and door bottom,430
the_legend_of_zelda,central block cluster with one monster on floor,24,dungeon,bats lined along left wall with branching paths,68
lode_runner,ground border bottom diggable ground platforms scattered ladders vertical center left right gold on platforms,466,the_legend_of_zelda,large open floor room enclosed by wall with two door openings top and bottom,367
dungeon,walls form two large blocks with paths between and bats scattered,76,super_mario_bros,two elevated ground platforms with goomba on long top platform and coins above right ground stack,117
dungeon,walls form scattered blocks with winding paths and bats spread around,90,super_mario_bros,ground with pipe on right and stepped breakable block pillars on left,9
dungeon,central open area surrounded by wall with bats along edges and sparse paths,89,lode_runner,ground border maze diggable ground scattered gold mid left enemy left ladder center rope right,293
the_legend_of_zelda,large square floor with scattered blocks and right wall door,536,dungeon,central cross path with scattered wall blocks and bats clustered lower center,450
the_legend_of_zelda,floor grid with central block cluster and surrounding wall border,28,lode_runner,ground border top diggable ground center ladder vertical gold clusters upper corners enemy bottom center,264
the_legend_of_zelda,large central floor room surrounded by wall with door openings top bottom right,93,dungeon,central path with scattered wall blocks and bats,188
lode_runner,ground top band ladders left right rope mid gold scattered center left enemy upper left,62,dungeon,walls form maze paths with bats scattered mostly along paths,212
super_mario_bros,two pipes on ground with goombas between and on left pipe,303,dungeon,central horizontal path with scattered bats and wall blocks,87
dungeon,scattered wall blocks with bats on open paths,254,lode_runner,ground left slope diggable ground right blocks ladder center rope none gold scattered enemy none,211
super_mario_bros,flat ground with two goomba and scattered breakable block platforms and one question block,209,lode_runner,ground left platforms rope top left ladder top center diggable ground top right gold mid left,244
dungeon,cross shaped wall with bats scattered around paths,129,the_legend_of_zelda,floor grid with scattered blocks inside surrounding wall,259
the_legend_of_zelda,square floor room with wall border and two monsters centered,548,lode_runner,ground border diggable ground left block gold top left enemy bottom left ladders center right,498
dungeon,wall maze with central path and bat clusters left and right,4,the_legend_of_zelda,large square floor with central blocks and wall border openings,341
the_legend_of_zelda,waterfloor maze corridors around central blocks with doors north south,419,dungeon,path maze with walls and bats clustered right and lower left,2
lode_runner,ground bottom band diggable ground mid blocks ladders left and right ropes none gold scattered,516,dungeon,scattered wall blocks with bats along winding paths,304
super_mario_bros,two ground platforms left and center breakable block ceiling right two coins above center,313,the_legend_of_zelda,central block column with diagonal blocks on floor inside wall,331
the_legend_of_zelda,large floor room with central water strip and right wall door,346,dungeon,scattered wall blocks with bats between on open path,364
the_legend_of_zelda,square floor room enclosed by wall with central block,353,lode_runner,ground border diggable ground left clusters ladders center right gold scattered enemy left,400
dungeon,walls form three large blocks with narrow paths between them,142,super_mario_bros,flat ground with three pipes each holding goomba and a right floating breakable block platform,321
the_legend_of_zelda,open floor room with two monsters centered and one door bottom,513,lode_runner,ground border top left diggable ground scattered ladder center rope top gold,317
super_mario_bros,ground slopes up to right with question block top right,224,dungeon,central winding path with scattered bats and surrounding wall blocks,555
lode_runner,ground left platforms rope top left ladder top center diggable ground top right gold mid left,244,the_legend_of_zelda,square floor with central block diamond pattern,143
lode_runner,ground bottom band diggable ground left and center blocks gold row left enemy right ladder top,542,the_legend_of_zelda,square floor room with wall border and central block diamond pattern,113
super_mario_bros,ground platform with central pipe and two goomba on ground,308,the_legend_of_zelda,wall border enclosing large central floor area,286
the_legend_of_zelda,open floor with scattered blocks and central stair door at bottom,508,dungeon,path zigzag corridors with two bat near center and walls around,214
lode_runner,ground border diggable ground platforms ladders left center rope top center gold scattered enemy center,137,dungeon,walls form central block with bats scattered and paths around edges,483
dungeon,path maze with walls and bats clustered right and lower left,2,lode_runner,ground platforms top and mid ladders left and center rope top gold left,425
the_legend_of_zelda,ring wall corridor with monsters clustered center,417,super_mario_bros,flat ground with scattered breakable block platforms and question block cluster right,59
lode_runner,ground border diggable ground top right rope mid ladder center gold scattered enemy right,380,the_legend_of_zelda,floor square room with central stair and two side doors,208
dungeon,bats clustered on left near wall with open path right,530,super_mario_bros,ground with two goomba left pipe center cannon right,8
the_legend_of_zelda,central water surrounded by floor ring and outer wall with two doors,395,lode_runner,ground bottom band diggable ground mid blocks ladders left and right ropes none gold scattered,516
super_mario_bros,staggered brick platforms with question blocks left and tall brick wall right,173,dungeon,central vertical path between wall blocks with bat clusters right and left,30
lode_runner,ground border left top diggable ground right ladder center gold right enemy top right,218,the_legend_of_zelda,central vertical floor corridor with monsters inside surrounding wall ring,172
the_legend_of_zelda,open floor room with central stair and surrounding wall,226,super_mario_bros,ground slopes up to right with question block top right,224
lode_runner,ground bottom band diggable ground left and center blocks gold row left enemy right ladder top,542,super_mario_bros,ground across bottom with goomba left and question block row above,393
the_legend_of_zelda,large open floor room enclosed by wall with two door openings top and bottom,367,dungeon,walls form maze paths with bats clustered upper left and lower left,171
dungeon,walls form scattered blocks with bats along paths around center,102,super_mario_bros,scattered ground platforms with goomba and coins,460
dungeon,walls form maze paths with bats scattered in open rooms,332,super_mario_bros,ground with two goomba left pipe center cannon right,8
the_legend_of_zelda,square floor room with four monsters near corners and side doors,339,dungeon,central cross path with scattered wall blocks and bats clustered lower center,450
dungeon,walls form central spiral path with bats scattered throughout,16,the_legend_of_zelda,large square floor with scattered blocks and right wall door,536
dungeon,scattered wall blocks with bats along narrow paths,414,lode_runner,ground platforms left and right ladder center rope top gold scattered enemy top center,299
dungeon,walls form scattered blocks with bats along paths around center,102,super_mario_bros,two pipes on ground with goombas between and on left pipe,303
lode_runner,ground border diggable ground center gold cluster lower left ladder left rope right enemy mid right,517,super_mario_bros,flat ground with two goomba and scattered breakable block platforms and one question block,209
dungeon,central winding path through walls with bats scattered around,369,super_mario_bros,flat ground with pipe right and question blocks above center,165
the_legend_of_zelda,open floor room with two monsters centered,335,dungeon,walls form stepped zigzag path with bats scattered around,358
dungeon,wall band across middle with bats clustered top and along wall path,234,the_legend_of_zelda,water ring around central floor with blocks,106
the_legend_of_zelda,open floor with diagonal blocks from left to center and a door on left wall,290,super_mario_bros,ground forms two plateaus with central hill and a coin above,350
lode_runner,ground bottom left ladder far left gold scattered mid and top enemy center,512,the_legend_of_zelda,single large floor room enclosed by wall with one door south,384
lode_runner,ground border diggable ground center ladders left right rope top gold scattered enemy center,11,the_legend_of_zelda,large square floor room enclosed by wall with two side doors,469
dungeon,scattered wall blocks with bats along winding paths,123,the_legend_of_zelda,ring wall corridor with monsters clustered center,417
super_mario_bros,ground at bottom with brick ceiling and question block cluster right with coins,352,dungeon,central path with scattered wall blocks and bats,188
lode_runner,ground border diggable ground center ladder left rope top gold scattered enemy pink person mid,64,super_mario_bros,flat ground with pipe right and question blocks above center,165
lode_runner,ground border diggable ground left clusters ladders center right gold scattered enemy left,400,super_mario_bros,ground left slope with three goomba and scattered question block breakable block platforms,276
lode_runner,ground border diggable ground blocks gold scattered mid enemy center ladder left rope top,71,super_mario_bros,flat ground with goomba left and pipe right and question blocks midair,185
the_legend_of_zelda,square floor room with two monsters centered and doors top bottom,241,dungeon,walls form maze paths with bats clustered in upper rooms and one central,378
lode_runner,ground blocks left and right central ladder gold along ladder enemy top right,314,the_legend_of_zelda,square floor arena with central block cluster and surrounding wall,83
the_legend_of_zelda,open floor room with two monsters centered and one door bottom,513,dungeon,spiral wall path with bats around edges and inside,413
dungeon,spiral wall path with bats scattered inside,73,the_legend_of_zelda,square floor with central block ring and one stair,18
lode_runner,ground platforms left and mid diggable ground slope right ladder top right rope mid gold left,510,dungeon,scattered wall blocks with bats near bottom and open paths,239
lode_runner,ground border top left diggable ground scattered ladder center rope top gold,317,dungeon,spiral wall path with bats around edges and one central bat,189
super_mario_bros,ground forms stepped platform left then long flat ground right,120,dungeon,scattered wall blocks with bats across open paths,531
the_legend_of_zelda,waterfloor spiral around central blocks within outer wall ring,105,dungeon,wall grid with scattered rectangular path gaps,403
lode_runner,ground border diggable ground left block gold top left enemy bottom left ladders center right,498,the_legend_of_zelda,central floor room with two wall pillars and four monsters near center,549
super_mario_bros,ground platforms left and right with central coin row,306,dungeon,bat cluster left of central path between walls,283
super_mario_bros,two separated ground platforms with goomba on left and coins at edges,145,the_legend_of_zelda,wall border enclosing large central floor area,286
lode_runner,ground border diggable ground left rope left ladder center right gold scattered enemy left,533,the_legend_of_zelda,square floor room with four monsters near corners and side doors,339
lode_runner,ground platforms top and mid right gold scattered enemy pink person mid left ladder left rope center,115,super_mario_bros,ground along bottom with scattered breakable block platforms and coin row near top,472
dungeon,two bat clusters separated by open path,509,lode_runner,ground border diggable ground mid band ladder left and center rope right gold upper left enemy,231
the_legend_of_zelda,diagonal wall from bottom left to top right across floor with door bottom center,432,lode_runner,ground border diggable ground center gold scattered ladders left right rope top enemy right,54
the_legend_of_zelda,square floor room with two monsters centered and doors top bottom,241,lode_runner,ground platforms top middle and mid left ladder sides rope mid right gold top left and mid,493
lode_runner,ground left and bottom gold center ladders top right rope top left,150,the_legend_of_zelda,central stair surrounded by blocks on open floor,108
super_mario_bros,stepped ground platform descending right with empty sky,66,lode_runner,ground border diggable ground center ladder left rope right gold mid enemy bottom center,49
dungeon,central path with bats scattered and surrounding wall,474,super_mario_bros,ground forms left wall and bottom floor with small step on right,328
lode_runner,ground bottom strip ladder left rope center gold top clusters enemy top left,437,super_mario_bros,flat ground with two goomba between two pipe,433
dungeon,central open area with scattered bat clusters and surrounding wall paths,200,the_legend_of_zelda,square floor ring with central block area and monsters in grid,198
the_legend_of_zelda,square floor room enclosed by wall with two door openings top and bottom,459,dungeon,walls form maze paths around scattered bats,392
the_legend_of_zelda,square floor ring with central water corridor spiral,110,dungeon,central path with bat clusters in upper left and lower right walls around edges,504
the_legend_of_zelda,water ring around central floor with blocks,106,dungeon,walls form central block with scattered bats and open paths,305
super_mario_bros,ground spans bottom with two brick platforms holding coins left and right,412,the_legend_of_zelda,water forms large rectangular ring around central floor corridor,288
the_legend_of_zelda,floor with diagonal wall zigzag in right half,175,super_mario_bros,staircase breakable block pyramid on ground with goomba right,371
dungeon,bat cluster left of central path between walls,283,the_legend_of_zelda,large open floor room surrounded by wall with door on right,95
dungeon,walls form two large blocks with paths between and bats scattered,76,super_mario_bros,staircase ground rising to right then flat ground,443
super_mario_bros,scattered ground platforms with a pipe on left and a cannon on right,390,dungeon,bats lined along left wall with branching paths,68
dungeon,bats clustered in top center above scattered wall blocks and open paths,340,lode_runner,ground left slope diggable ground right blocks ladder center rope none gold scattered enemy none,211
lode_runner,ground bottom band ladders center left right gold top center enemy left mid diggable ground,330,dungeon,walls form maze with winding paths and scattered bats,223
dungeon,walls form e shape with bats scattered along paths,236,lode_runner,ground border platforms ladders left and center rope center gold scattered enemy pink center and lower,213
the_legend_of_zelda,large floor room with four block pillars and two door openings,277,dungeon,scattered wall blocks with bats between on open path,364
the_legend_of_zelda,square wall ring with central floor area and two door openings,179,lode_runner,ground clusters left and right diggable ground center ladder rope gold scattered enemy pink person upper,44
super_mario_bros,staircase ground rising to the right,514,dungeon,walls form maze paths with bats clustered bottom right,534
dungeon,scattered wall blocks with narrow path gaps no bat,452,the_legend_of_zelda,diagonal wall stripes across floor with border wall,94
dungeon,walls form scattered blocks with winding paths between them,35,the_legend_of_zelda,open floor room with central stair and surrounding wall,226
the_legend_of_zelda,spiral waterfloor channel inside square floor with outer wall and two door,219,dungeon,scattered wall blocks with bats around edges and central paths,281
dungeon,walls form stepped blocks with open paths around edges and center,138,super_mario_bros,two ground platforms separated by gap with single coin above right,22
lode_runner,ground bottom strip ladder left rope center gold top clusters enemy top left,437,dungeon,scattered wall blocks with winding path and bats throughout,492
super_mario_bros,flat ground platform with three goomba spaced across,382,dungeon,central open area with surrounding wall blocks and bats along edges and paths,253
dungeon,paths through walls with bat clusters top right and bottom right,389,the_legend_of_zelda,large open floor with right side blocks and one door,126
the_legend_of_zelda,square floor room with wall border and central block diamond pattern,113,lode_runner,ground left platforms rope top left ladder top center diggable ground top right gold mid left,244
super_mario_bros,ground forms stepped platform left then long flat ground right,120,the_legend_of_zelda,square wall border with central floor area,484
dungeon,walls form three large blocks with narrow paths between them,142,lode_runner,ground border top right diggable ground left pit ladders center right gold scattered enemy top,496
lode_runner,ground border diggable ground center ladders left right ropes mid gold clusters top mid enemy,266,dungeon,walls form central block with surrounding paths and scattered bats,174
the_legend_of_zelda,central water strip across floor with top and bottom door openings,386,dungeon,path maze with walls and bats clustered right and lower left,2
the_legend_of_zelda,spiral waterfloor channel inside square floor with outer wall and two door,219,lode_runner,ground border maze diggable ground corridors gold scattered mid enemy left rope none ladder none,491
lode_runner,ground left platforms diggable ground right wall ladder center rope none gold top left enemy center,407,dungeon,winding path around central wall with scattered bat,373
lode_runner,ground left mass diggable ground center right gold scattered enemy top left ladder center rope none,240,the_legend_of_zelda,floor ring around central block cluster with outer wall and door openings,424
dungeon,walls form scattered blocks with winding paths between them,35,super_mario_bros,scattered breakable block platforms with small coin clusters above no ground,263
dungeon,central cross path with scattered wall blocks and bats clustered lower center,450,the_legend_of_zelda,open floor room with two monsters centered and door at bottom,207
super_mario_bros,two pipes on ground with goombas and small breakable block platforms above,268,lode_runner,ground border diggable ground left block gold top left enemy bottom left ladders center right,498
dungeon,central path with scattered wall blocks and bats along top edge,527,the_legend_of_zelda,large open floor with central wall pillar and right door,431
super_mario_bros,ground at bottom with brick ceiling and question block cluster right with coins,352,dungeon,path maze with walls and bats clustered right and lower left,2
lode_runner,ground border diggable ground central ladder rope top gold scattered enemy upper left,26,the_legend_of_zelda,large floor room enclosed by wall with central empty area,109
lode_runner,ground platforms top and mid right gold scattered enemy pink person mid left ladder left rope center,115,the_legend_of_zelda,spiral wall corridor with waterfloor channel inside,294
dungeon,walls form maze of paths with bats scattered throughout,139,lode_runner,ground platforms left and right ladder center rope top gold scattered enemy top center,299
the_legend_of_zelda,square floor bordered by wall with central block cluster,154,dungeon,path maze with scattered wall blocks and four bats,385
dungeon,walls form e shape with bats scattered along paths,236,the_legend_of_zelda,square floor room with central block cluster and top bottom door,381
lode_runner,ground border diggable ground right column gold top center enemy mid right ladder left rope top,7,the_legend_of_zelda,spiral waterfloor path inside square wall with central floor corridor,532
lode_runner,ground border top left diggable ground scattered ladder center rope top gold,317,dungeon,scattered wall blocks with bats across open paths,348
dungeon,grid of wall blocks with scattered bats and narrow paths,176,the_legend_of_zelda,ring wall corridor with monsters clustered center,417
the_legend_of_zelda,square floor room with four monsters near corners and surrounding wall,133,dungeon,walls form maze with central open area and winding paths for bats,515
the_legend_of_zelda,floor grid with central block cluster and surrounding wall border,455,dungeon,walls form stepped blocks with open paths around edges and center,138
super_mario_bros,ground forms tall left wall and long bottom platform with small right step single breakable,14,the_legend_of_zelda,square floor room with central water column,215
dungeon,walls form scattered blocks with winding paths and bats dispersed,170,the_legend_of_zelda,square floor room with four monsters near corners and right wall door,184
the_legend_of_zelda,square floor ring with central block area and monsters in grid,198,lode_runner,ground border maze diggable ground corridors ladders right gold scattered enemy none,19
super_mario_bros,ground clusters bottom left center right with small mid platform,261,lode_runner,ground border top bottom ladders left center rope mid gold left enemy,557
super_mario_bros,flat ground with two elevated brick platforms with question block,404,lode_runner,ground left platforms diggable ground blocks top left gold scattered left enemypink person,91
the_legend_of_zelda,large square floor room enclosed by wall with central stair,255,super_mario_bros,flat ground left tall pipe right two goomba on ground and pipe,203
lode_runner,ground left platforms diggable ground blocks top left gold scattered left enemypink person,91,the_legend_of_zelda,square floor room with central block cluster,524
super_mario_bros,two ground platforms separated by gap with single coin above right,22,the_legend_of_zelda,square floor room with four monsters near corners and side doors,339
dungeon,central horizontal path with scattered bats and wall blocks,87,super_mario_bros,scattered floating breakable block platforms above ground,410
lode_runner,ground border diggable ground center gold scattered ladders left right rope top enemy right,54,dungeon,central path between wall blocks with bat clusters left and right,503
lode_runner,ground border diggable ground blocks center ladder left rope top gold scattered enemy right,444,the_legend_of_zelda,square floor with central diamond block pattern and one monster near top,379
dungeon,walls scattered in blocks with many short paths between them,74,the_legend_of_zelda,large open floor room enclosed by wall with door at bottom center,551
dungeon,bats scattered across open paths between wall blocks,217,lode_runner,ground border platforms diggable ground center rope right ladder left right gold scattered enemy bottom center,221
dungeon,central open area with scattered bat clusters and surrounding wall paths,200,the_legend_of_zelda,square floor bordered by wall with central block cluster,154
the_legend_of_zelda,square floor bordered by wall with central block cluster and right door,47,dungeon,central path between wall blocks with bat clusters left and right,503
super_mario_bros,staircase ground rising to the right,514,the_legend_of_zelda,square floor arena with central block ring and four side doors,310
dungeon,bats clustered in blocks around central cross path with walls,267,the_legend_of_zelda,large central floor square surrounded by wall ring and inner block border,25
dungeon,central cross path with walls and bat clusters top left and top right,146,lode_runner,ground border diggable ground center ladders left right rope top gold scattered enemy center,11
the_legend_of_zelda,floor grid with diagonal block lines across open room,349,dungeon,winding central path with scattered bats and surrounding wall,522
lode_runner,ground platforms top and mid left diggable ground right rope none ladders center gold scattered,447,the_legend_of_zelda,square floor bordered by wall with central block cluster and right door,47
the_legend_of_zelda,wall border enclosing large central floor area,286,dungeon,scattered wall blocks with bats in open areas and winding paths,520
lode_runner,ground border maze diggable ground pockets ladders left center ropes sparse gold clusters left bottom,186,dungeon,walls form maze paths with bats scattered mostly along paths,212
dungeon,walls form winding path with bats clustered bottom left,440,the_legend_of_zelda,square floor room with central blocks and side doors,168
the_legend_of_zelda,square floor room with four monsters near corners and right wall door,184,lode_runner,ground border platforms diggable ground central block ladder left edge gold scattered enemy right center,506
super_mario_bros,flat ground with two goomba and scattered breakable block platforms and one question block,209,the_legend_of_zelda,large floor room with central diagonal wall corridor,101
the_legend_of_zelda,open floor room with scattered monsters and central block cluster,160,super_mario_bros,flat ground with two elevated brick platforms with question block,404
super_mario_bros,scattered floating breakable block platforms with coins and ground at bottom,112,lode_runner,ground border diggable ground central block gold left and right enemy top center ladders sides,297
super_mario_bros,two rows of question block upper left goomba trio on ground right,144,the_legend_of_zelda,central stair with scattered blocks on floor inside surrounding wall,238
the_legend_of_zelda,square floor room with central block cluster and top bottom door,381,super_mario_bros,ground platform with central pipe and two goomba on ground,308
the_legend_of_zelda,open floor room with two monsters centered and door at bottom,207,super_mario_bros,two rows of question block upper left goomba trio on ground right,144
the_legend_of_zelda,open floor with diagonal block line and scattered blocks,426,lode_runner,ground bottom band diggable ground central blocks gold scattered mid enemy pink left mid rope top,338
the_legend_of_zelda,floor with central diamond block cluster inside wall border,546,dungeon,l shaped wall enclosure with bats scattered in open path,39
super_mario_bros,flat ground with three pipes holding goombas and one goomba on ground with question,274,the_legend_of_zelda,wall border enclosing large central floor area,286
the_legend_of_zelda,square floor room with four monsters near corners and side doors,418,dungeon,walls form winding paths with bats scattered throughout,478
dungeon,bats scattered around central wall with narrow path openings,454,the_legend_of_zelda,square floor arena with central block cluster and surrounding wall,83
lode_runner,ground left platforms diggable ground right wall ladder center rope none gold top left enemy center,407,super_mario_bros,flat ground then rising staircase of breakable block on right with coins above,399
the_legend_of_zelda,central floor room with two wall pillars and four monsters near center,487,dungeon,spiral wall path with bats scattered near bottom and right,41
the_legend_of_zelda,large square floor area enclosed by wall with four door openings,505,dungeon,scattered wall blocks with bats and winding paths,359
dungeon,walls form central corridor path with bats clustered along bottom,329,the_legend_of_zelda,square wall ring with large central floor area,155
dungeon,walls form central spiral path with bats scattered throughout,16,super_mario_bros,ground platform with left ledge and central vertical wall goomba pair,33
dungeon,maze like wall corridors with bats along central path,357,super_mario_bros,scattered floating ground platforms with coins and no enemies,370
dungeon,bats clustered in blocks around central cross path with walls,267,lode_runner,ground left platforms rope top left ladder top center diggable ground top right gold mid left,244
the_legend_of_zelda,diagonal wall from bottom left to top right across floor with door bottom center,432,lode_runner,ground bottom left ladder right rope top gold mid enemypink person,3
dungeon,central path with bats scattered and surrounding wall,474,super_mario_bros,flat ground with central pipe and two goomba,423
the_legend_of_zelda,square wall border with large central floor room and two door openings,521,lode_runner,ground border diggable ground center gold scattered ladders left right rope top enemy right,54
super_mario_bros,ground staircase with pipe left and floating question block platforms,462,dungeon,bats scattered along winding paths between walls,345
dungeon,bats scattered around central wall with narrow path openings,454,super_mario_bros,ground platform center with upper left breakable block row and upper right coin row,486
dungeon,bat cluster left of central path between walls,283,the_legend_of_zelda,spiral waterfloor corridor inside walls,287
the_legend_of_zelda,square floor room with border wall and scattered blocks,448,dungeon,scattered wall blocks with bats across open paths,348
the_legend_of_zelda,large square floor room enclosed by wall no objects,435,lode_runner,ground border diggable ground blocks gold scattered mid enemy center ladder left rope top,71
dungeon,spiral wall path with bats around edges and one central bat,189,the_legend_of_zelda,spiral waterfloor corridor inside walls,287
lode_runner,ground border top right diggable ground left ladder right enemypink person top corners,103,dungeon,central cross path with scattered wall blocks and bats clustered lower center,450
super_mario_bros,ground along bottom with three goomba and scattered question block and breakable block above,285,the_legend_of_zelda,large open floor room enclosed by wall with single door opening on right,82
dungeon,path maze with walls and bats clustered right and lower left,2,the_legend_of_zelda,square floor room with central block cluster,524
dungeon,bats clustered in central room enclosed by wall with side paths,291,super_mario_bros,flat ground with three pipes and scattered goombas and a question block overhead,275
lode_runner,ground maze left diggable ground right ladder center rope right gold left enemy top right,92,dungeon,central cross path with walls and bat clusters top left and top right,146
dungeon,bats clustered on left near wall with open path right,530,the_legend_of_zelda,large open floor room enclosed by wall with one door on right and one door bottom,391
the_legend_of_zelda,floor ring around central wall void,280,super_mario_bros,two separated ground platforms with goomba on left and coins at edges,145
dungeon,central horizontal path with scattered bats and wall blocks,87,super_mario_bros,ground with two goomba left pipe center cannon right,8
the_legend_of_zelda,square floor room with wall border and two monsters centered,548,dungeon,scattered wall blocks with open path and bats dispersed,202
super_mario_bros,ground platform with central pipe and two goomba on ground,308,lode_runner,ground platforms across middle and bottom gold scattered left and top ladder top center rope right enemy,398
the_legend_of_zelda,large open floor room enclosed by wall with single door bottom,58,super_mario_bros,ground clusters at bottom left center right with midair ground platform right,51
dungeon,central open area with scattered bat clusters and surrounding wall paths,200,super_mario_bros,scattered coin pairs above small breakable block platforms on ground,375
the_legend_of_zelda,large floor room with four block pillars and two door openings,277,lode_runner,ground border left and bottom diggable ground right wall gold scattered upper left enemy center bottom,278
the_legend_of_zelda,open floor with scattered blocks and central stair door at bottom,508,dungeon,scattered wall blocks with open path and bats dispersed,202
lode_runner,ground bottom left ladder center gold scattered upper right enemypink person,436,dungeon,central winding path through walls with bats scattered around,369
dungeon,l shaped wall enclosure with bats scattered in open path,39,super_mario_bros,scattered breakable block platforms with small coin clusters above no ground,263
super_mario_bros,two ground platforms left and center breakable block ceiling right two coins above center,313,lode_runner,ground platforms across middle and bottom ladder center rope top left gold scattered enemy pink person center,75
dungeon,central open area with surrounding wall and scattered bat along outer path,69,super_mario_bros,flat ground with two goomba and scattered breakable block platforms and one question block,209
lode_runner,ground border top left ladder center rope top gold scattered mid enemy right,167,the_legend_of_zelda,large floor room enclosed by wall with door at bottom center,230
super_mario_bros,scattered breakable block platforms with midair question block cluster,273,dungeon,bats scattered around central wall with narrow path openings,454
dungeon,central winding path with scattered wall blocks and bats near top corners,396,the_legend_of_zelda,open floor with scattered blocks and central stair door at bottom,508
super_mario_bros,scattered ground platforms with right side staircase ground blocks,547,the_legend_of_zelda,spiral waterfloor channel inside square floor with outer wall and two door,219
dungeon,scattered wall blocks with winding path and bats throughout,492,the_legend_of_zelda,floor square room with central stair and two side doors,208
the_legend_of_zelda,large square floor room enclosed by wall with two monsters centered vertically,296,super_mario_bros,flat ground with two cannons and one goomba,5
lode_runner,ground border diggable ground center platforms ladders top center left rope left gold scattered enemy,147,the_legend_of_zelda,central block cluster with one monster on floor,411
super_mario_bros,three separated ground platforms with a large ground block on right,99,lode_runner,ground forms central mass top right diggable ground left gold mid left ladder top left rope,476
dungeon,walls form maze paths with bats clustered along bottom and center,295,the_legend_of_zelda,floor with diagonal wall zigzag in right half,175
the_legend_of_zelda,waterfloor zigzag path through floor grid,192,dungeon,walls form three large blocks with narrow paths between them,142
the_legend_of_zelda,square wall border with large central floor area and left door,489,dungeon,walls form central vertical path with bats scattered in open rooms,538
lode_runner,ground bottom band ladder center rope right gold clusters top enemy right mid,127,the_legend_of_zelda,open floor with diagonal block line and scattered blocks,426
the_legend_of_zelda,diagonal wall band across floor with doors top and bottom,216,lode_runner,ground border maze diggable ground central blocks ladders vertical mid right rope top left gold,193
dungeon,central path with walls and bats clustered upper left and upper right,282,lode_runner,ground border diggable ground right column gold top center enemy mid right ladder left rope top,7
super_mario_bros,flat ground with central pipe and two goomba,423,lode_runner,ground bottom band diggable ground left and center blocks gold row left enemy right ladder top,542
dungeon,bats clustered top left behind wall with winding path corridors,32,the_legend_of_zelda,square floor room with central blocks and right wall door,543
super_mario_bros,ground forms stepped platform left then long flat ground right,120,lode_runner,ground border left bottom right diggable ground clusters top mid rope top ladder right gold scattered,81
the_legend_of_zelda,square floor room with central block cluster and top bottom door,381,lode_runner,ground border maze diggable ground corridors ladder right rope top gold scattered enemy center,191
lode_runner,ground platforms across top mid and bottom ladders right and center rope top,388,dungeon,central open area with scattered bat clusters and surrounding wall paths,200
dungeon,walls form scattered rooms with central path and bats spread throughout,256,the_legend_of_zelda,square floor ring with inner wall and central water column,445
lode_runner,ground border diggable ground central blocks ladders vertical shafts gold scattered enemy lower left,300,dungeon,central open area with surrounding wall blocks and bats along edges and paths,253
super_mario_bros,flat ground with three pipes each holding goomba and a right floating breakable block platform,321,dungeon,central path with scattered wall blocks and bats,188
super_mario_bros,two pipes on ground with goombas between and on left pipe,303,the_legend_of_zelda,open floor with central block cluster and bottom door,190
dungeon,central wall block with bats around edges and open path ring,457,the_legend_of_zelda,two water pools left and right on open floor with south door,187
lode_runner,ground border diggable ground left block gold top left enemy bottom left ladders center right,498,the_legend_of_zelda,large square floor room with central block cluster,121
the_legend_of_zelda,single large floor room enclosed by wall with one door south,384,super_mario_bros,ground with single pipe at far left and mid raised breakable block platform,323
lode_runner,ground blocks center right platform ladders left and center rope top gold top left enemy none,473,super_mario_bros,ground platform with two separated raised ground blocks,17
the_legend_of_zelda,open floor with four central blocks and bottom door in surrounding wall,56,super_mario_bros,ground left slope with three goomba and scattered question block breakable block platforms,276
dungeon,walls form central corridor path with bats clustered along bottom,329,the_legend_of_zelda,central stair surrounded by blocks on open floor,108
the_legend_of_zelda,square floor room with four monsters near corners and side doors,50,lode_runner,ground left platforms rope top left ladder top center diggable ground top right gold mid left,244
lode_runner,ground border left top diggable ground right ladder center gold right enemy top right,218,the_legend_of_zelda,diagonal wall from bottom left to top right across floor with door bottom center,432
super_mario_bros,pipes on right ground scattered question block and breakable block platforms,467,dungeon,walls form stepped blocks with open paths around edges and center,138
super_mario_bros,two pipes on ground with goombas between and on left pipe,303,dungeon,spiral wall path with bats around edges and inside,413
the_legend_of_zelda,open floor room with two monsters centered,335,lode_runner,ground border diggable ground mid band ladder left and center rope right gold upper left enemy,231
the_legend_of_zelda,large central water pool surrounded by floor and outer wall,550,lode_runner,ground border diggable ground left wall platforms gold scattered upper mid enemy mid rope top ladder,344
dungeon,walls scattered in blocks with many short paths between them,74,super_mario_bros,ground left and bottom with scattered breakable block platforms and coin cluster,40
lode_runner,ground border top left ladder center rope top gold scattered mid enemy right,167,dungeon,walls form scattered rooms with central path and bats spread throughout,256
dungeon,scattered wall blocks with bats along winding paths,304,the_legend_of_zelda,large central floor square surrounded by wall ring and inner block border,25
the_legend_of_zelda,central floor room with two wall pillars and four monsters near middle,153,lode_runner,ground bottom left slope diggable ground above ladder center rope top gold scattered enemy none,421
the_legend_of_zelda,diagonal wall band across floor with doors top and bottom,216,super_mario_bros,ground forms stepped pyramid with scattered breakable block platforms,157
lode_runner,ground platforms across middle and bottom gold scattered left and top ladder top center rope right enemy,398,super_mario_bros,ground along bottom with three goomba and scattered question block and breakable block above,285
dungeon,central open area with surrounding wall and scattered bat along outer path,69,the_legend_of_zelda,large open floor room enclosed by wall with single door at bottom,119
super_mario_bros,staircase ground rising left to center with floating breakable block platforms,539,dungeon,scattered wall blocks with bats across open paths,531
the_legend_of_zelda,large square floor room with two monsters centered vertically,141,super_mario_bros,flat ground with scattered breakable block platforms and one question block,182
super_mario_bros,flat ground with left question block row and central cannon and two goomba,540,dungeon,central path with bat clusters in upper left and lower right walls around edges,504
dungeon,central open area with scattered bat clusters and surrounding wall paths,200,lode_runner,ground border diggable ground central columns gold mid right enemy top left ladder bottom left rope,312
dungeon,walls form maze of paths with bats scattered throughout,139,the_legend_of_zelda,large open floor room with two monsters centered vertically,500
the_legend_of_zelda,square wall ring with central water corridor,537,dungeon,central open area with surrounding wall blocks and bats along edges and paths,253
super_mario_bros,staircase ground rising to the right,514,the_legend_of_zelda,waterfloor spiral around central blocks within outer wall ring,105
super_mario_bros,ground floor with central breakable block platform and coins above,228,the_legend_of_zelda,central vertical floor corridor with monsters inside surrounding wall ring,172
lode_runner,ground top band ladder left edge enemy top left and top right,405,dungeon,walls form scattered blocks with bats on them and winding paths between,355
super_mario_bros,flat ground with left stepped hill and midair question block on breakable block row,368,lode_runner,ground border top bottom ladders left center rope mid gold left enemy,557
dungeon,walls form grid of blocks with scattered paths and bats,252,the_legend_of_zelda,square floor room enclosed by wall with central block,353
dungeon,walls form maze paths with bats clustered in upper rooms and one central,378,super_mario_bros,stepped ground platform descending right with empty sky,66
the_legend_of_zelda,central wall blob with four monsters on floor and door bottom,430,dungeon,scattered wall blocks with bats across open paths,348
dungeon,bats clustered top left behind wall with winding path corridors,32,lode_runner,ground border diggable ground central blocks ladders vertical shafts gold scattered enemy lower left,300
super_mario_bros,flat ground with three pipes holding goombas and one goomba on ground with question,274,dungeon,walls form stepped zigzag path with bats scattered around,358
super_mario_bros,staircase ground platforms with scattered coins and goombas and one question block,166,dungeon,central winding path with scattered bats and surrounding wall blocks,555
dungeon,scattered wall blocks with bats spread across open paths,479,the_legend_of_zelda,square floor with central block diamond and two doors top bottom,465
the_legend_of_zelda,open floor with diagonal wall x pattern and side doors,195,dungeon,winding central path with scattered bats and surrounding wall,522
dungeon,walls form central open area with bats around edges and bottom path,122,super_mario_bros,staggered brick platforms with question blocks left and tall brick wall right,173
lode_runner,ground left and right platforms ladders left center rope top gold center enemy top,416,the_legend_of_zelda,open floor with diagonal block line and scattered blocks,426
the_legend_of_zelda,central stair surrounded by scattered blocks on open floor within walls,177,dungeon,scattered wall blocks with winding path and bats throughout,492
the_legend_of_zelda,square floor room with four monsters near corners and left door,180,lode_runner,ground bottom band diggable ground mid blocks ladders left and right ropes none gold scattered,516
dungeon,walls form central winding path with bats scattered throughout,233,the_legend_of_zelda,large floor room with two central block clusters aligned vertically,85
lode_runner,ground border diggable ground left clusters ladder center rope top gold left enemy top,0,the_legend_of_zelda,water ring around central floor with blocks,106
dungeon,winding central path with scattered bats and surrounding wall,522,lode_runner,ground border left top diggable ground right ladder center gold right enemy top right,218
dungeon,bat cluster left of central path between walls,283,super_mario_bros,ground platform with central pipe and two goomba on ground,308
dungeon,scattered wall blocks with bats along narrow paths,414,the_legend_of_zelda,large floor room enclosed by wall with door at bottom center,230
dungeon,walls form central block with surrounding paths and scattered bats,174,the_legend_of_zelda,central block column with diagonal blocks on floor inside wall,331
super_mario_bros,flat ground with scattered question block rows and one pipe right,38,dungeon,bats clustered along bottom center path amid scattered walls,34
dungeon,walls form central block with right looped path and scattered bats,197,the_legend_of_zelda,square floor room with four monsters near corners and surrounding wall,133
the_legend_of_zelda,open floor room with two monsters centered and one door bottom,513,dungeon,walls form central block with right looped path and scattered bats,197
super_mario_bros,flat ground with scattered question block rows and one pipe right,38,dungeon,walls form winding path with bats clustered bottom left,440
super_mario_bros,flat ground with two goomba between two pipe,433,lode_runner,ground border top right diggable ground left ladder right enemypink person top corners,103
super_mario_bros,ground platform with left ledge and central vertical wall goomba pair,33,the_legend_of_zelda,square floor bordered by wall with central stair,354
the_legend_of_zelda,large open floor room enclosed by wall with door at bottom center,246,super_mario_bros,flat ground with cannon left pipe center goombas on pipe and right,422
lode_runner,ground platforms left and mid diggable ground slope right ladder top right rope mid gold left,510,dungeon,two bat clusters separated by open path,509
the_legend_of_zelda,open floor room with scattered monsters and central block cluster,160,dungeon,path zigzag corridors with two bat near center and walls around,214
the_legend_of_zelda,square floor room with central block cluster,524,dungeon,maze like wall corridors with bats along central path,357
super_mario_bros,scattered ground platforms with a pipe on left and a cannon on right,390,lode_runner,ground left mass diggable ground center right gold scattered enemy top left ladder center rope none,240
super_mario_bros,flat ground with scattered goomba and pipe at right,151,dungeon,scattered wall blocks with bats along narrow paths,414
lode_runner,ground border top bottom ladders left center rope mid gold left enemy,557,dungeon,central winding path through walls with bats scattered around,369
the_legend_of_zelda,large floor room with four block pillars and two door openings,277,dungeon,l shaped wall enclosure with bats scattered in open path,39
the_legend_of_zelda,square floor room with four blocks and one door south,545,lode_runner,ground blocks left and right central ladder gold along ladder enemy top right,314
lode_runner,ground bottom band ladder center gold left enemypink person upper center diggable ground,320,dungeon,walls form central block with scattered bats and open paths,305
lode_runner,ground border top left diggable ground scattered ladder center rope top gold,317,super_mario_bros,flat ground with three goomba left and pipe right under two question block rows,23
dungeon,bats scattered along winding paths between walls,345,the_legend_of_zelda,floor ring around central block with left door,326
super_mario_bros,scattered floating breakable block platforms above ground,410,dungeon,walls form maze paths with bats scattered mostly along paths,212
lode_runner,ground bottom left diggable ground central gold scattered ladder left rope top,351,super_mario_bros,two elevated ground platforms with goomba on long top platform and coins above right ground stack,117
lode_runner,ground border diggable ground central ladder rope top gold scattered enemy upper left,26,the_legend_of_zelda,single large floor room enclosed by wall with one door south,384
super_mario_bros,ground spans bottom with two brick platforms holding coins left and right,412,dungeon,walls form central loop path with bats around it,311
dungeon,wall maze with central path and bat clusters left and right,4,lode_runner,ground border maze diggable ground scattered gold mid left enemy left ladder center rope right,293
the_legend_of_zelda,large central floor room surrounded by wall ring with right door opening,140,super_mario_bros,ground platform center with upper left breakable block row and upper right coin row,486
the_legend_of_zelda,large open floor room enclosed by wall with door at bottom center,551,lode_runner,ground border maze diggable ground central blocks ladders vertical mid right rope top left gold,193
super_mario_bros,flat ground with scattered breakable block clusters and three goomba and a pipe right,336,the_legend_of_zelda,square floor ring with inner wall and central water column,445
super_mario_bros,ground floor with central breakable block platform and coins above,228,the_legend_of_zelda,diagonal wall band across floor with doors top and bottom,480
lode_runner,ground bottom right mound gold scattered ladder left rope top enemy left,63,dungeon,walls form winding paths with bats scattered throughout,478
the_legend_of_zelda,large square floor enclosed by wall with door on right,61,lode_runner,ground platforms across middle and bottom ladder left rope top center gold scattered enemy right middle,13
lode_runner,ground border diggable ground top right rope mid ladder center gold scattered enemy right,380,dungeon,spiral wall path with bats around edges and one central bat,189
super_mario_bros,three separated ground platforms with a large ground block on right,99,the_legend_of_zelda,square floor room with central block cluster and top bottom door,381
lode_runner,ground border diggable ground scattered center ladder vertical rope left gold top right enemy bottom left,529,super_mario_bros,three brick platforms scattered upper right and center with small lower center block and coins left and,161
the_legend_of_zelda,square floor room with four monsters near corners and surrounding wall,133,dungeon,central path network with scattered bats and surrounding walls,409
the_legend_of_zelda,water forms large rectangular ring around central floor corridor,288,super_mario_bros,flat ground with three pipes and two goomba on pipes,79
super_mario_bros,ground along bottom with scattered breakable block platforms and coin row near top,472,the_legend_of_zelda,large square floor with central blocks and wall border openings,341
lode_runner,ground platforms left and mid diggable ground slope right ladder top right rope mid gold left,510,super_mario_bros,two rows of question block upper left goomba trio on ground right,144
super_mario_bros,two separated ground platforms with goomba on left and coins at edges,145,lode_runner,ground border diggable ground center ladders left right rope top gold scattered enemy center,11
dungeon,central horizontal path with scattered bats and wall blocks,87,the_legend_of_zelda,large open floor room enclosed by wall with single door bottom,58
lode_runner,ground left platforms ladder far left gold lower left enemy right center rope mid,488,super_mario_bros,ground platforms split left and right with question block pair upper left,84
lode_runner,ground left mass diggable ground right platforms ladder center rope top gold right enemy right,194,the_legend_of_zelda,large floor room with four block pillars and two door openings,277
super_mario_bros,ground with two goomba left pipe center cannon right,8,dungeon,spiral wall path with bats around edges and one central bat,189
dungeon,spiral wall path with bats scattered near bottom and right,41,the_legend_of_zelda,square floor room with wall border and two monsters centered,548
super_mario_bros,ground valley with left pipe and right stepped ground wall,289,the_legend_of_zelda,open floor with diagonal blocks from left to center and a door on left wall,290
dungeon,scattered wall blocks with bats across open paths,348,super_mario_bros,ground platforms with scattered question block clusters and two goomba on left,163
the_legend_of_zelda,central block column with diagonal blocks on floor inside wall,331,lode_runner,ground border diggable ground center gold cluster lower left ladder left rope right enemy mid right,517
lode_runner,ground border diggable ground center ladder left right rope top gold scattered enemy center,316,the_legend_of_zelda,open floor room with two monsters centered and doors on left and bottom,360
super_mario_bros,flat ground with central pipe and scattered breakable block platforms and goomba,118,dungeon,square spiral wall path with bats scattered inside,220
dungeon,scattered wall blocks with bats in open areas and winding paths,520,super_mario_bros,two elevated ground platforms with goomba on long top platform and coins above right ground stack,117
super_mario_bros,flat ground with scattered breakable block platforms and one question block,182,dungeon,winding path between wall blocks with bats scattered throughout,441
dungeon,walls form central maze with bats scattered along paths,15,the_legend_of_zelda,central floor room with two wall pillars and four monsters near middle,153
super_mario_bros,scattered floating breakable block platforms with coins and ground at bottom,112,the_legend_of_zelda,large central floor square surrounded by wall ring and inner block border,25
super_mario_bros,flat ground with gap right and two question block above,420,dungeon,bats clustered left with scattered walls and winding paths,70
the_legend_of_zelda,large floor room with central wall pillar and two side doors,319,super_mario_bros,ground forms u shaped pit with goombas on top and lone breakable block above,501
the_legend_of_zelda,large open floor room with right side block cluster and one door,67,dungeon,walls form scattered blocks with winding paths between them,298
the_legend_of_zelda,square floor room with four monsters near corners and side doors,418,lode_runner,ground border diggable ground left clusters ladders center right gold scattered enemy left,400
dungeon,walls form maze paths with bats clustered upper left and lower left,171,super_mario_bros,scattered ground platforms with right side staircase ground blocks,547
dungeon,walls form central block with scattered bats and open paths,305,the_legend_of_zelda,square floor room with four monsters near corners and left door,180
dungeon,path maze between wall blocks with many bats scattered,124,lode_runner,ground border diggable ground left wall platforms gold scattered upper mid enemy mid rope top ladder,344
dungeon,spiral wall path with bats scattered inside,73,lode_runner,ground border top right diggable ground left pit ladders center right gold scattered enemy top,496
super_mario_bros,flat ground with three pipes holding goombas and one goomba on ground with question,274,the_legend_of_zelda,central block cluster with one monster on floor,411
the_legend_of_zelda,large square floor room with two monsters centered vertically,141,lode_runner,ground bottom band ladders left right ropes top gold mid right enemy top center,104
dungeon,wall maze with central path and bats scattered throughout,53,lode_runner,ground border top right diggable ground left ladder right enemypink person top corners,103
dungeon,path forms t shape walls with bat clusters in corners,318,lode_runner,ground top band diggable ground mid band ladders left gold scattered enemies none,232
the_legend_of_zelda,floor grid with diagonal block lines across open room,349,super_mario_bros,ground forms left wall and bottom floor with small step on right,328
the_legend_of_zelda,open floor room with two monsters centered and one door bottom,513,super_mario_bros,two elevated ground platforms with goomba on long top platform and coins above right ground stack,117
lode_runner,ground bottom and right diggable ground center rope left ladder left gold scattered enemy pink person,96,the_legend_of_zelda,central floor room with two wall pillars and four monsters near center,301
super_mario_bros,flat ground with pipe right and question blocks above center,165,lode_runner,ground bottom left diggable ground central gold scattered ladder left rope top,351
lode_runner,ground border diggable ground center gold scattered ladders left right rope top enemy right,54,dungeon,bats clustered left with scattered walls and winding paths,70
lode_runner,ground blocks left and right central ladder gold along ladder enemy top right,314,the_legend_of_zelda,floor grid with diagonal wall bands forming repeating x pattern,356
the_legend_of_zelda,large open floor with right side blocks and one door,126,super_mario_bros,three separated ground platforms with coins above and between,251
dungeon,winding path around central wall with scattered bat,373,lode_runner,ground bottom band diggable ground right block ladder center rope left gold scattered enemy upper right,363
dungeon,grid of wall blocks with scattered bats and narrow paths,176,the_legend_of_zelda,square wall ring around large central floor with two side doors,149
dungeon,central vertical path with bats and surrounding walls,292,super_mario_bros,flat ground then rising staircase of breakable block on right with coins above,399
dungeon,bats clustered on left near wall with open path right,530,the_legend_of_zelda,waterfloor spiral around central blocks within outer wall ring,105
lode_runner,ground bottom band ladders center left right gold top center enemy left mid diggable ground,330,dungeon,walls form maze with central open area and winding paths for bats,515
super_mario_bros,ground with left pipe and right stepped breakable block hill,541,the_legend_of_zelda,floor grid with scattered blocks inside surrounding wall,259
super_mario_bros,staircase breakable block pyramid on ground with goomba right,371,the_legend_of_zelda,square floor ring with inner wall and central water column,445
lode_runner,ground diagonal left mass ladders along slope gold mid left enemy right ground,52,dungeon,two bat clusters separated by central path corridors and surrounding wall blocks,132
the_legend_of_zelda,square floor arena with central block cluster and surrounding wall,83,dungeon,scattered wall blocks with open path and bats dispersed,202
the_legend_of_zelda,central floor room with two wall pillars and four monsters near center,204,lode_runner,ground bottom band ladders left and center rope mid gold right enemy top left,131
the_legend_of_zelda,open floor with blocks forming curved diagonal band on right,201,super_mario_bros,flat ground with left question block row and central cannon and two goomba,540
dungeon,scattered wall blocks with bats on open paths,254,the_legend_of_zelda,square floor room with border wall and scattered blocks,448
the_legend_of_zelda,square floor room with central water column,215,super_mario_bros,flat ground with left stepped hill and midair question block on breakable block row,368
the_legend_of_zelda,open floor room with border wall and two central blocks,477,dungeon,wall grid with scattered rectangular path gaps,403
super_mario_bros,ground platform with two separated raised ground blocks,17,dungeon,bats clustered top left behind wall with winding path corridors,32
the_legend_of_zelda,floor ring around central wall void,280,lode_runner,ground bottom band diggable ground left mass ladder left rope mid gold scattered enemy center,111
the_legend_of_zelda,square floor room with central block cluster and top bottom door,381,lode_runner,ground platforms top and mid left diggable ground right rope none ladders center gold scattered,447
dungeon,bats clustered left with scattered walls and winding paths,70,super_mario_bros,two pipes on ground with goombas between and on left pipe,303
the_legend_of_zelda,large square floor room enclosed by wall with central stair,255,dungeon,walls form scattered blocks with winding paths and bats dispersed,170
dungeon,winding central path with scattered bats and surrounding wall,522,lode_runner,ground platforms top and mid left diggable ground right rope none ladders center gold scattered,447
dungeon,scattered wall clusters with bats spread across open path,270,lode_runner,ground clusters left and right diggable ground center ladder rope gold scattered enemy pink person upper,44
the_legend_of_zelda,open floor with four central blocks and bottom door in surrounding wall,56,lode_runner,ground blocks left and right central ladder gold along ladder enemy top right,314
super_mario_bros,scattered floating breakable block platforms with coins and ground at bottom,112,lode_runner,ground border diggable ground top right gold top right ladder left rope mid left enemyp,544
the_legend_of_zelda,square floor ring with central block area and monsters in grid,198,dungeon,walls form e shape with bats scattered along paths,236
super_mario_bros,ground forms tall left wall then long flat platform with small right step,482,the_legend_of_zelda,waterfloor spiral around central blocks within outer wall ring,105
super_mario_bros,flat ground with two elevated brick platforms with question block,404,the_legend_of_zelda,open floor room with central stair and surrounding wall,226
the_legend_of_zelda,square wall border with large central floor area and left door,489,dungeon,walls form scattered blocks with winding paths between them,57
dungeon,scattered wall blocks with bats and winding paths,359,the_legend_of_zelda,open floor room with two monsters centered and doors on left and bottom,360
super_mario_bros,ground left slope with three goomba and scattered question block breakable block platforms,276,lode_runner,ground forms central mass top right diggable ground left gold mid left ladder top left rope,476
dungeon,central cross path with scattered wall blocks and bats clustered lower center,450,super_mario_bros,three separated ground platforms with coins above and between,251
lode_runner,ground left platforms rope top left ladder top center diggable ground top right gold mid left,244,dungeon,central wall block with bats around edges and open path ring,457
lode_runner,ground left platforms rope top left ladder top center diggable ground top right gold mid left,244,dungeon,scattered wall blocks with bats and winding paths,359
the_legend_of_zelda,large square floor room enclosed by wall no objects,435,super_mario_bros,flat ground with left question block row and central cannon and two goomba,540
the_legend_of_zelda,large open floor room surrounded by wall with door on right,95,lode_runner,ground border diggable ground blocks center ladder left rope top gold scattered enemy right,444
lode_runner,ground bottom band ladders left right ropes top gold mid right enemy top center,104,dungeon,central vertical wall with cross paths and bats around edges,178
the_legend_of_zelda,large central floor square surrounded by wall ring and inner block border,25,lode_runner,ground left and right platforms ladders left center rope top gold center enemy top,416
super_mario_bros,ground clusters at bottom left center right with midair ground platform right,51,lode_runner,ground border diggable ground center ladder left rope top gold scattered enemy pink person mid,64
super_mario_bros,ground along bottom with breakable block ceiling and scattered question block and goomba,269,lode_runner,ground border platforms diggable ground central block ladder left edge gold scattered enemy right center,506
the_legend_of_zelda,square floor room with central block cross and four corner blocks,245,super_mario_bros,scattered coin pairs above small breakable block platforms on ground,375
super_mario_bros,ground clusters at bottom left center right with midair ground platform right,51,dungeon,walls form winding path with bats scattered throughout,279
lode_runner,ground bottom left ladder far left gold scattered mid and top enemy center,512,dungeon,walls form maze paths with bats clustered bottom right,534
the_legend_of_zelda,square floor room with central block cross and four corner blocks,245,lode_runner,ground border top right diggable ground left ladder right enemypink person top corners,103
the_legend_of_zelda,waterfloor spiral around central blocks within outer wall ring,105,dungeon,bats clustered top left behind wall with winding path corridors,32
dungeon,walls form winding path with bats clustered bottom left,440,super_mario_bros,two elevated ground platforms with goomba on long top platform and coins above right ground stack,117
lode_runner,ground border diggable ground central columns gold mid right enemy top left ladder bottom left rope,312,super_mario_bros,three brick platforms scattered upper right and center with small lower center block and coins left and,161
the_legend_of_zelda,large central water pool surrounded by floor and outer wall,550,lode_runner,ground blocks center right platform ladders left and center rope top gold top left enemy none,473
the_legend_of_zelda,waterfloor rectangular pool centered surrounded by floor and wall border,468,super_mario_bros,flat ground with left stepped hill and midair question block on breakable block row,368
the_legend_of_zelda,large square floor room enclosed by wall no objects,435,lode_runner,ground border top bottom ladders left center rope mid gold left enemy,557
the_legend_of_zelda,square floor room with central block cross and four corner blocks,245,dungeon,walls form maze with central path and bats clustered left right and bottom,29
dungeon,walls form winding paths with bats scattered in open areas,162,super_mario_bros,stepped ground platform descending right with empty sky,66
lode_runner,ground border left and bottom diggable ground right wall gold scattered upper left enemy center bottom,278,dungeon,scattered wall clusters with bats spread across open path,270
the_legend_of_zelda,large floor room with central wall pillar and two side doors,319,dungeon,walls form three large blocks with narrow paths between them,142
the_legend_of_zelda,blocks form zigzag diagonal paths across floor inside walls,136,dungeon,two wall blocks with central path corridor and scattered bat pockets,439
the_legend_of_zelda,floor square room with central stair and two side doors,208,dungeon,walls form scattered blocks with winding paths and bats spread around,90
dungeon,cross shaped wall with bats scattered and open paths around,258,the_legend_of_zelda,square floor room enclosed by wall with central block,353
the_legend_of_zelda,large water pool centered surrounded by floor and wall with door openings,237,super_mario_bros,ground along bottom with scattered breakable block platforms and coin row near top,472
the_legend_of_zelda,open floor room with border wall and two central blocks,477,super_mario_bros,ground forms tall left wall then long flat platform with small right step,482
super_mario_bros,flat ground then rising staircase of breakable block on right with coins above,399,dungeon,central wall block with bats around edges and open path ring,457
dungeon,bats clustered top left behind wall with winding path corridors,32,super_mario_bros,three brick platforms scattered upper right and center with small lower center block and coins left and,161
super_mario_bros,scattered floating ground platforms with coins and no enemies,370,dungeon,bats along a diagonal path between walls,229
dungeon,path zigzag between wall blocks with bats on right edge,471,super_mario_bros,staircase ground rising left to right with question block row and goomba on right,337
super_mario_bros,staircase ground rising to right with question block and floating ground platforms,495,the_legend_of_zelda,diagonal wall band across floor with doors top and bottom,216
dungeon,two wall blocks with central path corridor and scattered bat pockets,439,the_legend_of_zelda,diagonal wall from bottom left to top right across floor with door bottom center,432
the_legend_of_zelda,large open floor room with two monsters centered vertically,500,lode_runner,ground border diggable ground central block ladders right and top rope top gold scattered enemy,249
the_legend_of_zelda,open floor room with border wall and two central blocks,477,super_mario_bros,two elevated ground platforms with goomba on top and coins upper right,528
dungeon,bats scattered across open paths between wall blocks,217,lode_runner,ground border maze diggable ground corridors gold scattered mid enemy left rope none ladder none,491
dungeon,cross shaped wall with bats scattered around paths,129,lode_runner,ground platforms across middle and bottom ladder center rope top left gold scattered enemy pink person center,75
the_legend_of_zelda,waterfloor rectangular pool centered surrounded by floor and wall border,468,dungeon,scattered wall blocks with bats near bottom and open paths,239
super_mario_bros,scattered floating ground platforms with coins and no enemies,370,dungeon,bats clustered along left wall with winding path to right,322
lode_runner,ground platforms top and mid left diggable ground right rope none ladders center gold scattered,447,the_legend_of_zelda,open floor with scattered blocks and one door on left,135
dungeon,spiral wall path with bats scattered near bottom and right,41,lode_runner,ground border diggable ground central right rope ladder center gold scattered enemy left center,1
the_legend_of_zelda,floor ring around central block cluster with outer wall and door openings,424,dungeon,walls form maze paths with bats scattered mostly along paths,212
dungeon,central winding path with scattered wall blocks and bats near top corners,396,lode_runner,ground top band ladder left edge enemy top left and top right,405
the_legend_of_zelda,large floor room with central diagonal wall corridor,101,dungeon,winding path between wall blocks with bats scattered throughout,441
the_legend_of_zelda,spiral wall corridor with waterfloor channel inside,294,dungeon,wall maze with central path and bats scattered throughout,53
super_mario_bros,flat ground left tall pipe right two goomba on ground and pipe,203,dungeon,path maze with walls and bats clustered right and lower left,2
super_mario_bros,scattered ground platforms with right side staircase ground blocks,547,the_legend_of_zelda,central block column with diagonal blocks on floor inside wall,331
dungeon,bats clustered in blocks around central cross path with walls,267,lode_runner,ground border diggable ground left clusters ladder center rope top gold left enemy top,0
lode_runner,ground platforms top middle and mid left ladder sides rope mid right gold top left and mid,493,the_legend_of_zelda,open floor with central block cluster and bottom door,190
super_mario_bros,two ground platforms separated by wide gap,243,the_legend_of_zelda,central floor grid with four block clusters and side doors,128
lode_runner,ground platforms across middle and bottom ladder left rope top center gold scattered enemy right middle,13,the_legend_of_zelda,central floor with scattered blocks and surrounding wall,366
dungeon,bats along a diagonal path between walls,229,the_legend_of_zelda,square floor room with four monsters near corners and right wall door,184
dungeon,scattered wall blocks with bats along winding paths,304,super_mario_bros,flat ground platform with three goomba and small raised breakable block ledge,43
lode_runner,ground border diggable ground right column gold top center enemy mid right ladder left rope top,7,dungeon,scattered wall blocks with bats on open paths,254
the_legend_of_zelda,square floor room with four monsters near corners and side doors,50,lode_runner,ground border diggable ground central blocks ladders vertical shafts gold scattered enemy lower left,300
dungeon,walls form scattered blocks with bats along paths around center,102,super_mario_bros,flat ground with cannon left pipe center goombas on pipe and right,422
the_legend_of_zelda,spiral waterfloor corridor on floor enclosed by wall,98,dungeon,walls form central open area with bats around edges and bottom path,122
the_legend_of_zelda,checkerboard floor with four block diamond clusters near center,401,super_mario_bros,two separated ground platforms with goomba on left and coins at edges,145
dungeon,scattered wall blocks with open path and bats dispersed,202,super_mario_bros,ground with pipe on right and stepped breakable block pillars on left,9
dungeon,walls form maze of paths with bats scattered throughout,139,the_legend_of_zelda,open floor with scattered blocks and one door on left,135
dungeon,wall maze with central path and bats scattered throughout,53,lode_runner,ground bottom band diggable ground right block ladder center rope left gold scattered enemy upper right,363
dungeon,scattered wall blocks with bats and winding paths,359,the_legend_of_zelda,spiral waterfloor path inside square wall with central floor corridor,532
super_mario_bros,flat ground with scattered breakable block platforms and question block cluster right,59,lode_runner,ground bottom left slope diggable ground above ladder center rope top gold scattered enemy none,421
super_mario_bros,flat ground with central pipe and scattered goomba,262,the_legend_of_zelda,large open floor room with right side block cluster and one door,67
dungeon,walls form central spiral path with bats scattered throughout,16,lode_runner,ground forms central mass top right diggable ground left gold mid left ladder top left rope,476
lode_runner,ground border diggable ground top right rope mid ladder center gold scattered enemy right,380,dungeon,walls form outer square with central cross path and scattered bats,210
lode_runner,ground border maze diggable ground central blocks ladders vertical mid right rope top left gold,193,the_legend_of_zelda,square floor room with central block cluster,524
super_mario_bros,flat ground with two elevated brick platforms with question block,404,lode_runner,ground border diggable ground central blocks ladders vertical shafts gold scattered enemy lower left,300
super_mario_bros,ground slopes up to right with question block top right,224,the_legend_of_zelda,floor with central block diamond pattern and surrounding wall border,169
the_legend_of_zelda,central floor room with two wall pillars and four monsters near center,204,lode_runner,ground border diggable ground right block ladders left columns ropes mid gold top left enemy,408
the_legend_of_zelda,open floor with scattered blocks and central stair door at bottom,508,dungeon,walls form central block with right looped path and scattered bats,197
lode_runner,ground blocks left and right central ladder gold along ladder enemy top right,314,the_legend_of_zelda,central stair surrounded by blocks on open floor,108
super_mario_bros,flat ground with right question block row and goomba,222,lode_runner,ground platforms across middle and bottom ladder center rope top left gold scattered enemy pink person center,75
dungeon,scattered wall blocks with bats near bottom and open paths,239,the_legend_of_zelda,central floor grid with four block clusters and side doors,128
dungeon,walls form scattered blocks with winding paths and bats dispersed,170,lode_runner,ground border bottom diggable ground platforms scattered ladders vertical center left right gold on platforms,466
the_legend_of_zelda,large open floor with right side blocks and one door,126,super_mario_bros,staircase breakable block pyramid on ground with goomba right,371
super_mario_bros,ground forms tall left wall and long bottom platform with small right step single breakable,14,lode_runner,ground border diggable ground left rope left ladder center right gold scattered enemy left,533
dungeon,bats clustered along bottom center path amid scattered walls,34,the_legend_of_zelda,large water pool centered surrounded by floor and wall with door openings,237
dungeon,winding path through scattered wall blocks with bats in open areas,475,the_legend_of_zelda,square floor room enclosed by wall with central block,353
lode_runner,ground border diggable ground center ladder left rope mid gold right enemy top,535,dungeon,scattered wall blocks with open path areas and no bat,365
dungeon,walls form central blocky maze with bats clustered left along paths,499,lode_runner,ground border diggable ground center ladder right rope none gold scattered enemy left,125
dungeon,walls form maze with central open area and winding paths for bats,515,super_mario_bros,scattered breakable block platforms with midair question block cluster,273
dungeon,spiral wall path with bats scattered inside,73,super_mario_bros,ground with single pipe at far left and mid raised breakable block platform,323
dungeon,walls form scattered blocks with winding paths and bats spread around,90,super_mario_bros,three separated ground platforms with a large ground block on right,99
super_mario_bros,flat ground with three goomba spaced and tall right wall,324,dungeon,bats clustered along left wall with winding path to right,322
dungeon,walls form central winding path with bats scattered throughout,233,the_legend_of_zelda,square floor room enclosed by wall with two monsters centered vertically,333
dungeon,central winding path through walls with bats scattered around,369,the_legend_of_zelda,large floor room enclosed by wall with door at bottom center,230
lode_runner,ground border top left ladder center rope top gold scattered mid enemy right,167,the_legend_of_zelda,square floor room with four monsters near corners and right wall door,184
the_legend_of_zelda,square wall ring with large central floor area,155,lode_runner,ground platforms left and right diggable ground center pit ladders left and center rope top,60
dungeon,walls form central block with scattered bats and open paths,305,super_mario_bros,staggered brick platforms with question blocks left and tall brick wall right,173
dungeon,path maze between wall blocks with many bats scattered,124,the_legend_of_zelda,central stair surrounded by scattered blocks on open floor within walls,177
super_mario_bros,two ground platforms left and center breakable block ceiling right two coins above center,313,dungeon,walls scattered in blocks with many short paths between them,74
super_mario_bros,ground forms left wall and bottom floor with small step on right,328,dungeon,central path between wall blocks with bat clusters left and right,503
lode_runner,ground border diggable ground central block ladders right and top rope top gold scattered enemy,249,the_legend_of_zelda,waterfloor zigzag path through floor grid,192
the_legend_of_zelda,square wall ring enclosing empty floor area,494,dungeon,walls form winding paths with bats scattered in open areas,162
the_legend_of_zelda,square floor room with four monsters near corners and left door,180,lode_runner,ground border top right diggable ground left ladder right enemypink person top corners,103
dungeon,bat cluster left of central path between walls,283,the_legend_of_zelda,water ring around central floor with blocks,106
dungeon,central wall block with bats around edges and open path ring,457,super_mario_bros,two elevated ground platforms with goomba on top and coins upper right,528
the_legend_of_zelda,square floor with central block diamond and two doors top bottom,465,super_mario_bros,flat ground with two goomba between two pipe,433
lode_runner,ground border platforms diggable ground center rope right ladder left right gold scattered enemy bottom center,221,the_legend_of_zelda,large open floor room enclosed by wall with two door openings,196
super_mario_bros,ground platforms left and right with central coin row,306,the_legend_of_zelda,square floor room with wall border and two monsters centered,548
the_legend_of_zelda,open floor room with scattered monsters and central block cluster,160,lode_runner,ground blocks left and right central ladder gold along ladder enemy top right,314
lode_runner,ground platforms left and mid diggable ground slope right ladder top right rope mid gold left,510,super_mario_bros,scattered breakable block platforms with goomba on central platform and coins at top left,523
super_mario_bros,flat ground with pipe right and question blocks above center,165,dungeon,central vertical path with bats and surrounding walls,292
the_legend_of_zelda,floor grid with scattered blocks inside surrounding wall,259,super_mario_bros,ground with single pipe at far left and mid raised breakable block platform,323
the_legend_of_zelda,open floor with diagonal blocks from left to center and a door on left wall,290,dungeon,walls form scattered blocks with winding paths and bats spread around,90
lode_runner,ground border diggable ground mid band ladder left and center rope right gold upper left enemy,231,the_legend_of_zelda,diagonal wall band across floor with doors top and bottom,480
the_legend_of_zelda,square floor with central diamond block pattern and one monster near top,379,lode_runner,ground forms central mass top right diggable ground left gold mid left ladder top left rope,476
the_legend_of_zelda,floor with central block diamond pattern and surrounding wall border,169,lode_runner,ground top band ladder left edge enemy top left and top right,405
lode_runner,ground border maze diggable ground pockets ladders left center ropes sparse gold clusters left bottom,186,super_mario_bros,staircase ground rising to the right,514
the_legend_of_zelda,square floor room with four monsters near corners and left door,180,dungeon,walls form outer square with central cross path and scattered bats,210
dungeon,walls form central block with scattered bats and open paths,305,the_legend_of_zelda,waterfloor zigzag path through floor grid,192
the_legend_of_zelda,central floor room with two wall pillars and four monsters near center,301,dungeon,walls form central blocky maze with bats clustered left along paths,499
lode_runner,ground bottom right mound gold scattered ladder left rope top enemy left,63,super_mario_bros,ground pit with central goomba under floating breakable block and overhead ground platform,152
the_legend_of_zelda,large square floor room enclosed by wall with central block cluster,507,lode_runner,ground left mass diggable ground right platforms ladder center rope top gold right enemy right,194
super_mario_bros,flat ground left tall pipe right two goomba on ground and pipe,203,dungeon,winding central path with scattered bats and surrounding wall,522
lode_runner,ground border left bottom right diggable ground clusters top mid rope top ladder right gold scattered,81,the_legend_of_zelda,open floor with scattered blocks and one door on left,135
dungeon,path with bat cluster in upper right near wall,347,lode_runner,ground border diggable ground center gold scattered ladders left right rope top enemy right,54
super_mario_bros,scattered ground platforms with a pipe on left and a cannon on right,390,lode_runner,ground left mass diggable ground right platforms ladder center rope top gold right enemy right,194
super_mario_bros,two elevated ground platforms with goomba on top and coins upper right,528,the_legend_of_zelda,large floor room with central diagonal wall corridor,101
lode_runner,ground left platforms diggable ground blocks top left gold scattered left enemypink person,91,dungeon,walls form scattered rooms with central path and bats spread throughout,256
dungeon,maze like walls forming winding paths with scattered bats,361,the_legend_of_zelda,square floor room with central block cross and four corner blocks,245
the_legend_of_zelda,square wall ring with central floor area and two door openings,179,dungeon,walls form two large blocks with paths between and bats scattered,76
the_legend_of_zelda,square floor room with central block cross and four corner blocks,245,dungeon,walls form grid of blocks with scattered paths and bats,252
super_mario_bros,flat ground then rising staircase of breakable block on right with coins above,399,dungeon,path zigzag between wall blocks with bats on right edge,471
super_mario_bros,flat ground with central pipe and scattered breakable block platforms and two goomba,526,the_legend_of_zelda,central block diamond cluster with monster near top and right door,362
the_legend_of_zelda,large open floor room with two monsters centered vertically,500,dungeon,central path network with scattered bats and surrounding walls,409
the_legend_of_zelda,large open floor room enclosed by wall with single door at bottom,119,dungeon,walls form maze of paths with bats scattered throughout,139
the_legend_of_zelda,spiral waterfloor channel inside square floor with outer wall and two door,219,lode_runner,ground platforms top middle and mid left ladder sides rope mid right gold top left and mid,493
dungeon,spiral wall path with bats around edges and inside,413,lode_runner,ground bottom left diggable ground central gold scattered ladder left rope top,351
lode_runner,ground left mass diggable ground right platforms ladder center rope top gold right enemy right,194,the_legend_of_zelda,square floor room with four monsters near corners and side doors,418
lode_runner,ground border diggable ground mid band ladder left and center rope right gold upper left enemy,231,the_legend_of_zelda,floor grid with two symmetric block diamond clusters near center,470
super_mario_bros,rising ground staircase slope with left floating ground platform,206,dungeon,walls form central block with surrounding paths and scattered bats,174
lode_runner,ground platforms top middle and mid left ladder sides rope mid right gold top left and mid,493,dungeon,spiral wall path with bats clustered near center,116
the_legend_of_zelda,square wall border with large central floor area and left door,489,lode_runner,ground border diggable ground mid band ladder left and center rope right gold upper left enemy,231
dungeon,walls form central blocks with bats clustered in lower left and right,257,lode_runner,ground border platforms ladders left and center rope center gold scattered enemy pink center and lower,213
lode_runner,ground bottom and right diggable ground center rope left ladder left gold scattered enemy pink person,96,the_legend_of_zelda,open floor room with two monsters centered and doors on left and bottom,360
lode_runner,ground border diggable ground central columns gold mid right enemy top left ladder bottom left rope,312,dungeon,spiral wall path with bats scattered inside,73
the_legend_of_zelda,central block cluster with one monster on floor,24,super_mario_bros,flat ground with central pipe and scattered breakable block platforms and goomba,118
lode_runner,ground platforms left and right ladder center rope top gold scattered enemy top center,299,dungeon,maze of walls with many small paths and scattered bats,402
lode_runner,ground border maze diggable ground corridors ladder right rope top gold scattered enemy center,191,super_mario_bros,ground left and bottom with scattered breakable block platforms and coin cluster,40
the_legend_of_zelda,diagonal wall stripes across floor with border wall,94,lode_runner,ground border maze diggable ground corridors ladder right rope top gold scattered enemy center,191
the_legend_of_zelda,large central floor room surrounded by wall ring with two side doors and bottom door,377,lode_runner,ground border diggable ground mid band ladder left and center rope right gold upper left enemy,231
super_mario_bros,flat ground with cannon left pipe center goombas on pipe and right,422,dungeon,central path with scattered wall blocks and bats,188
the_legend_of_zelda,diagonal wall stripes across floor with border wall,94,lode_runner,ground platforms left and right diggable ground center pit ladders left and center rope top,60
super_mario_bros,three separated ground platforms with a large ground block on right,99,lode_runner,ground border diggable ground platforms ladders left center rope top center gold scattered enemy center,137
super_mario_bros,flat ground with scattered goomba and pipe at right,151,the_legend_of_zelda,open floor with central block cluster and bottom door,190
dungeon,central cross path with scattered wall blocks and bats clustered lower center,450,the_legend_of_zelda,floor ring around central block cluster with outer wall and door openings,424
dungeon,maze like walls forming winding paths with scattered bats,361,the_legend_of_zelda,open floor room with two monsters centered and one door bottom,513
dungeon,scattered wall blocks with narrow path gaps no bat,452,the_legend_of_zelda,large open floor room with right side block cluster and one door,67
the_legend_of_zelda,floor grid with two symmetric block diamond clusters near center,470,dungeon,walls form winding path with bats scattered throughout,279
super_mario_bros,staircase ground rising to the right,514,lode_runner,ground border diggable ground blocks center ladder left rope top gold scattered enemy right,444
the_legend_of_zelda,open floor with scattered blocks and one door on left,135,super_mario_bros,ground platforms separated by gaps,429
the_legend_of_zelda,large open floor room enclosed by wall with two door openings,196,lode_runner,ground border diggable ground central rope right ladder left gold upper enemy lower,164
lode_runner,ground border diggable ground left maze gold scattered enemy bottom left ladder right rope top right,130,the_legend_of_zelda,diagonal wall stripes across floor with border wall,94
dungeon,l shaped wall enclosure with bats scattered in open path,39,lode_runner,ground border left top diggable ground right ladder center gold right enemy top right,218
the_legend_of_zelda,large square floor room enclosed by wall with two doors opposite and two blocks center,158,lode_runner,ground bottom ladders right ropes mid gold scattered left enemy top left,490
super_mario_bros,ground floor with central breakable block platform and coins above,228,dungeon,winding path around central wall with scattered bat,373
super_mario_bros,staircase ground platforms with scattered coins and goombas and one question block,166,dungeon,walls form scattered rooms with central path and bats spread throughout,256
lode_runner,ground border maze diggable ground corridors gold scattered mid enemy left rope none ladder none,491,the_legend_of_zelda,square floor room with wall border and two monsters centered,548
the_legend_of_zelda,square floor room with central block cluster,524,super_mario_bros,flat ground with three pipes each holding goomba and a right floating breakable block platform,321
super_mario_bros,ground platforms left and right with central coin row,306,dungeon,l shaped wall enclosure with bats scattered in open path,39
the_legend_of_zelda,open floor room with central stair and surrounding wall,226,super_mario_bros,staircase ground rising to right with question block and floating ground platforms,495
lode_runner,ground platforms left and right diggable ground center pit ladders left and center rope top,60,dungeon,central path with scattered wall blocks and bats,188
lode_runner,ground platforms across middle and bottom ladder left rope top center gold scattered enemy right middle,13,dungeon,central open area surrounded by wall with bats along edges and sparse paths,89
lode_runner,ground border left top diggable ground right ladder center gold right enemy top right,218,dungeon,path maze with scattered wall blocks and four bats,385
the_legend_of_zelda,large floor room with central wall pillar and right door,307,super_mario_bros,ground forms left wall and bottom floor with small step on right,328
the_legend_of_zelda,square floor room with four water blocks near center and right wall door,374,dungeon,central open area with surrounding wall and scattered bat along outer path,69
super_mario_bros,flat ground with two elevated brick platforms with question block,404,dungeon,scattered wall blocks with bats along winding paths,304
lode_runner,ground blocks left and right central ladder gold along ladder enemy top right,314,dungeon,path loop around central wall with bats clustered left and bottom,554
super_mario_bros,scattered breakable block platforms with midair question block cluster,273,dungeon,scattered wall blocks with open paths and bats around edges,55
the_legend_of_zelda,large square floor enclosed by wall with door on right,61,super_mario_bros,two ground pyramids separated by gap,77
the_legend_of_zelda,large central floor room surrounded by wall ring with right door opening,140,dungeon,scattered wall blocks with bats along winding paths,123
the_legend_of_zelda,waterfloor spiral around central blocks within outer wall ring,105,super_mario_bros,flat ground with three pipes and two goomba on pipes,79
lode_runner,ground bottom band diggable ground central blocks gold scattered mid enemy pink left mid rope top,338,the_legend_of_zelda,central floor room with two wall pillars and four monsters near center,549
lode_runner,ground platforms top and mid ladders left and center rope top gold left,425,the_legend_of_zelda,large floor room with four block pillars and two door openings,277
super_mario_bros,scattered floating breakable block platforms above ground,410,dungeon,central open area with scattered bat clusters and surrounding wall paths,200
lode_runner,ground border maze diggable ground corridors ladder right rope top gold scattered enemy center,191,dungeon,central wall block with bats around edges and open path ring,457
the_legend_of_zelda,floor grid with central block cluster and surrounding wall border,455,lode_runner,ground border diggable ground top right rope mid ladder center gold scattered enemy right,380
super_mario_bros,flat ground with three pipes and scattered goombas and a question block overhead,275,lode_runner,ground bottom right ladders right rope mid gold upper right enemy left,343
super_mario_bros,flat ground with two elevated brick platforms with question block,404,dungeon,two wall blocks with central path corridor and scattered bat pockets,439
dungeon,walls form maze paths with bats scattered mostly along paths,212,the_legend_of_zelda,open floor with four central blocks and bottom door in surrounding wall,56
super_mario_bros,flat ground with two cannons and one goomba,5,lode_runner,ground border top right diggable ground left pit ladders center right gold scattered enemy top,496
lode_runner,ground border maze diggable ground scattered gold mid left enemy left ladder center rope right,293,dungeon,walls form central block with paths around and bats clustered top and right,20
super_mario_bros,three separated ground platforms with a large ground block on right,99,the_legend_of_zelda,square floor room enclosed by wall with central block,353
the_legend_of_zelda,diagonal wall stripes across floor with border wall,94,lode_runner,ground bottom band ladders left and center rope mid gold right enemy top left,131
the_legend_of_zelda,large open floor room enclosed by wall with one door on left and one door bottom,552,super_mario_bros,ground forms two plateaus with central hill and a coin above,350
dungeon,walls form central winding path with bats scattered throughout,233,lode_runner,ground platforms across middle and bottom ladder left rope top center gold scattered enemy right middle,13
lode_runner,ground left platforms rope top left ladder top center diggable ground top right gold mid left,244,dungeon,bats clustered top left behind wall with winding path corridors,32
the_legend_of_zelda,open floor room with two monsters centered vertically,225,dungeon,walls form scattered blocks with winding paths between them,35
super_mario_bros,staircase ground platforms with scattered coins and goombas and one question block,166,the_legend_of_zelda,square floor room with four water blocks near center and right wall door,374
lode_runner,ground forms central mass top right diggable ground left gold mid left ladder top left rope,476,the_legend_of_zelda,central block cluster with one monster on floor,411
dungeon,bats scattered across open paths between wall blocks,217,the_legend_of_zelda,square floor with central block ring and four side doors,481
super_mario_bros,staircase breakable block pyramid on ground with goomba right,371,dungeon,scattered wall blocks with bats on open paths,72
super_mario_bros,staircase breakable block pyramid on ground with goomba right,371,the_legend_of_zelda,central water surrounded by floor ring and outer wall with two doors,395
lode_runner,ground border diggable ground central block gold left and right enemy top center ladders sides,297,the_legend_of_zelda,square floor bordered by wall with central stair,354
the_legend_of_zelda,square wall border with large central floor area and left door,489,lode_runner,ground bottom strip ladder left rope center gold top clusters enemy top left,437
super_mario_bros,scattered breakable block platforms with coins above and ground gaps,394,lode_runner,ground bottom left ladder far left gold scattered mid and top enemy center,512
super_mario_bros,stepped ground platform descending right with empty sky,66,dungeon,spiral wall path with bats around edges and inside,413
dungeon,bats clustered along right wall with central winding path,48,the_legend_of_zelda,open floor with diagonal block line and scattered blocks,426
the_legend_of_zelda,square wall ring with central water corridor,537,dungeon,two wall blocks with central path corridor and scattered bat pockets,439
the_legend_of_zelda,rectangular wall border with inner water pool surrounded by floor corridor and side doors,80,super_mario_bros,flat ground with right question block row and goomba,222
super_mario_bros,two ground platforms separated by wide gap,243,dungeon,walls form maze of paths with bats scattered throughout,139
super_mario_bros,flat ground platform with three goomba spaced across,382,lode_runner,ground bottom left ladders right rope top gold center enemypink,442
the_legend_of_zelda,large square floor with diagonal block pattern and surrounding wall,183,lode_runner,ground border diggable ground scattered center ladder vertical rope left gold top right enemy bottom left,529
super_mario_bros,three brick platforms scattered upper right and center with small lower center block and coins left and,161,the_legend_of_zelda,square wall ring around large central floor with two side doors,149
the_legend_of_zelda,square floor ring with four inner wall blocks and four corner monsters,458,super_mario_bros,flat ground with scattered breakable block platforms and one question block,182
dungeon,wall band across middle with bats clustered top and along wall path,234,the_legend_of_zelda,floor with central block diamond pattern and surrounding wall border,169
the_legend_of_zelda,floor grid with central block cluster and surrounding wall border,455,lode_runner,ground platforms top and mid ladders left and center rope top gold left,425
lode_runner,ground platforms across middle and bottom ladder center rope top left gold scattered enemy pink person center,75,the_legend_of_zelda,large square floor ring around central block void with outer wall openings,86
lode_runner,ground border diggable ground central block gold left and right enemy top center ladders sides,297,dungeon,bats clustered along right wall with central winding path,48
dungeon,walls form scattered blocks with winding paths between them,57,super_mario_bros,ground with pipe on right and stepped breakable block pillars on left,9
dungeon,maze like walls forming winding paths with scattered bats,361,lode_runner,ground bottom right platform ladder center rope top gold scattered enemypink person top center,27
dungeon,paths through walls with bat clusters top right and bottom right,389,the_legend_of_zelda,floor grid with scattered blocks inside surrounding wall,248
lode_runner,ground border diggable ground left clusters ladder center rope top gold left enemy top,0,super_mario_bros,scattered coin pairs above small breakable block platforms on ground,375
the_legend_of_zelda,square floor room enclosed by wall with two monsters centered vertically,333,dungeon,bats clustered on left near wall with open path right,530
dungeon,scattered wall blocks with bats along winding paths,123,lode_runner,ground border diggable ground central blocks ladders vertical shafts gold scattered enemy lower left,300
lode_runner,ground bottom left slope diggable ground above ladder center rope top gold scattered enemy none,421,super_mario_bros,ground with single pipe at far left and mid raised breakable block platform,323
super_mario_bros,ground along bottom with three goomba and scattered question block and breakable block above,285,the_legend_of_zelda,square floor with central block ring and one stair,18
lode_runner,ground platforms across middle and bottom gold scattered left and top ladder top center rope right enemy,398,dungeon,central winding path through walls with bats scattered around,369
super_mario_bros,flat ground with left pipe and right goombas and central question block above,334,the_legend_of_zelda,large open floor room with two monsters centered vertically,500
dungeon,walls form scattered blocks with winding paths and bats dispersed,376,the_legend_of_zelda,square floor room with four monsters near corners and doors top bottom,511
lode_runner,ground bottom band ladders left right ropes top gold mid right enemy top center,104,the_legend_of_zelda,square wall ring with large central floor area,155
dungeon,cross shaped wall with bats scattered and open paths around,258,the_legend_of_zelda,large floor room with two central block clusters aligned vertically,85
the_legend_of_zelda,square floor with scattered blocks and one stair near center,134,super_mario_bros,scattered ground platforms with coins above and no enemies,100
dungeon,central path with scattered wall blocks and bats,188,super_mario_bros,ground with long breakable block platform top center and small breakable block ledge right,502
super_mario_bros,ground floor with central breakable block platform and coins above,228,dungeon,bats clustered along bottom center path amid scattered walls,34
dungeon,walls form maze paths with bats clustered along bottom and center,295,super_mario_bros,ground with left pipe and right stepped breakable block hill,541
dungeon,walls form central winding path with bats scattered around,325,lode_runner,ground blocks left and right central ladder gold along ladder enemy top right,314
dungeon,scattered wall blocks with bats near bottom and open paths,239,lode_runner,ground bottom band diggable ground central blocks gold scattered mid enemy pink left mid rope top,338
super_mario_bros,staircase ground slope rising left with coins upper right,519,dungeon,walls form central winding path with bats scattered throughout,233
dungeon,central winding path through walls with bats scattered around,369,lode_runner,ground border left bottom right diggable ground clusters top mid rope top ladder right gold scattered,81
super_mario_bros,flat ground with two cannons and one goomba,5,the_legend_of_zelda,square floor with central block diamond and two doors top bottom,465
super_mario_bros,flat ground with goomba left and pipe right and question blocks midair,185,the_legend_of_zelda,central water surrounded by floor ring and outer wall with two doors,395
lode_runner,ground top band ladders left right rope mid gold scattered center left enemy upper left,62,dungeon,walls form maze with central open area and winding paths for bats,515
super_mario_bros,flat ground with scattered breakable block platforms and one question block,182,dungeon,spiral wall path with bats around edges and one central bat,189
dungeon,scattered wall blocks with bats on open paths,72,super_mario_bros,stepped ground platform descending right with empty sky,66
lode_runner,ground border diggable ground center ladder left rope right gold mid enemy bottom center,49,the_legend_of_zelda,large open floor with wall border and blocks clustered on right,46
the_legend_of_zelda,square floor room with four monsters near corners and doors top bottom,511,super_mario_bros,flat ground then rising staircase of breakable block on right with coins above,399
dungeon,wall maze with central path and bat clusters left and right,4,the_legend_of_zelda,large water pool centered surrounded by floor and wall with door openings,237
the_legend_of_zelda,large floor room with diagonal block chain from upper left to lower right,464,lode_runner,ground border maze diggable ground corridors ladders right gold scattered enemy none,19
lode_runner,ground platforms left and mid rope right ladder center gold top center enemy left mid,247,super_mario_bros,ground staircase left goomba on steps tall ground wall right,78
super_mario_bros,ground spans bottom with two brick platforms holding coins left and right,412,dungeon,central vertical path between wall blocks with bat clusters right and left,30
the_legend_of_zelda,waterfloor spiral around central blocks within outer wall ring,105,dungeon,walls form scattered blocks with winding paths and bats dispersed,170
the_legend_of_zelda,square floor arena with central block ring and four side doors,310,lode_runner,ground border diggable ground left rope left ladder center right gold scattered enemy left,533
lode_runner,ground bottom left ladder center gold scattered upper right enemypink person,436,super_mario_bros,ground platforms left and right with central coin row,306
the_legend_of_zelda,square floor room with four monsters near corners and doors top bottom,511,lode_runner,ground bottom band diggable ground left and center blocks gold row left enemy right ladder top,542
super_mario_bros,ground along bottom with three goomba and scattered question block and breakable block above,285,lode_runner,ground border diggable ground center ladders left right ropes mid gold clusters top mid enemy,266
super_mario_bros,flat ground with three pipes each holding goomba and a right floating breakable block platform,321,the_legend_of_zelda,square floor room with wall border and two monsters centered,548
the_legend_of_zelda,open floor with scattered blocks and one door on left,135,lode_runner,ground bottom band ladder center rope right gold clusters top enemy right mid,127
dungeon,central path with two bat pairs between walls,65,super_mario_bros,flat ground with three pipes and two goomba on pipes,79
lode_runner,ground bottom band ladder center rope right gold clusters top enemy right mid,127,the_legend_of_zelda,spiral waterfloor channel inside square floor with outer wall and two door,219
super_mario_bros,stepped ground platform descending right with empty sky,66,dungeon,walls form three large blocks with narrow paths between them,142
the_legend_of_zelda,central floor with scattered monsters and one block cluster on right,327,super_mario_bros,two pipes on ground with goombas between and on left pipe,303
dungeon,central vertical path with bats and surrounding walls,292,the_legend_of_zelda,central water surrounded by floor ring and outer wall with two doors,395
super_mario_bros,three brick platforms scattered upper right and center with small lower center block and coins left and,161,the_legend_of_zelda,square floor arena with central block ring and four side doors,310
dungeon,walls form scattered blocks with bats on them and winding paths between,355,lode_runner,ground bottom strip ladder left rope center gold top clusters enemy top left,437
dungeon,walls form outer square with central cross path and scattered bats,210,the_legend_of_zelda,large open floor room enclosed by wall with single door bottom,58
lode_runner,ground platforms across top mid and bottom ladders right and center rope top,388,dungeon,bats scattered along winding paths between walls,345
dungeon,walls form winding paths with bats scattered in open areas,162,the_legend_of_zelda,large central floor room surrounded by wall border,31
super_mario_bros,ground with long breakable block platform top center and small breakable block ledge right,502,the_legend_of_zelda,central floor with scattered monsters and one block cluster on right,327
super_mario_bros,three separated ground platforms with a large ground block on right,99,the_legend_of_zelda,square floor room enclosed by wall with door openings on left and top,453
super_mario_bros,ground along bottom with breakable block ceiling and scattered question block and goomba,269,the_legend_of_zelda,large open floor room with central wall pillar and left door,235
super_mario_bros,ground with single pipe at far left and mid raised breakable block platform,323,lode_runner,ground bottom left ladder far left gold scattered mid and top enemy center,512
super_mario_bros,pipes on right ground scattered question block and breakable block platforms,467,lode_runner,ground platforms top and mid right gold scattered enemy pink person mid left ladder left rope center,115
lode_runner,ground bottom band ladders left right ropes top gold mid right enemy top center,104,super_mario_bros,scattered breakable block platforms with small coin clusters above no ground,263
the_legend_of_zelda,square wall ring enclosing empty floor area,494,super_mario_bros,two ground platforms separated by gap with single coin above right,22
dungeon,central winding path with scattered bats and surrounding wall blocks,555,super_mario_bros,flat ground platform with three goomba and small raised breakable block ledge,43
super_mario_bros,flat ground with scattered breakable block clusters and three goomba and a pipe right,336,dungeon,two bat clusters in lower left and lower right separated by walls and paths,553
super_mario_bros,two ground pyramids separated by gap,77,lode_runner,ground border diggable ground center ladder left rope top gold scattered enemy pink person mid,64
lode_runner,ground border diggable ground left clusters ladders center right gold scattered enemy left,400,the_legend_of_zelda,open floor with scattered blocks and one door on left,135
the_legend_of_zelda,central stair surrounded by scattered blocks on open floor within walls,177,dungeon,central cross path with scattered bats and surrounding walls,37
super_mario_bros,flat ground with scattered breakable block platforms and one question block,182,dungeon,two bat clusters separated by open path,509
lode_runner,ground maze left diggable ground right ladder center rope right gold left enemy top right,92,dungeon,scattered wall blocks with bats in open areas and winding paths,520
the_legend_of_zelda,central floor with scattered blocks and surrounding wall,366,dungeon,cross shaped wall with bats scattered and open paths around,258
dungeon,wall maze with central path and bats scattered throughout,53,lode_runner,ground border top diggable ground center ladder vertical gold clusters upper corners enemy bottom center,264
lode_runner,ground border top right diggable ground left pit ladders center right gold scattered enemy top,496,the_legend_of_zelda,large square floor with scattered blocks and right wall door,536
dungeon,scattered wall blocks with bats along narrow paths,414,the_legend_of_zelda,waterfloor maze corridors around central blocks with doors north south,419
the_legend_of_zelda,floor grid with central block cluster and surrounding wall border,455,super_mario_bros,flat ground with three goomba spaced and tall right wall,324
the_legend_of_zelda,square floor ring with central block area and monsters in grid,198,super_mario_bros,ground platform center with upper left breakable block row and upper right coin row,486
the_legend_of_zelda,central horizontal water strip across floor with door at bottom center,36,super_mario_bros,ground forms left wall and bottom floor with small step on right,328
the_legend_of_zelda,diagonal wall band across floor with doors top and bottom,480,dungeon,scattered wall blocks with bats on open paths,72
super_mario_bros,two elevated ground platforms with goomba on top and coins upper right,528,the_legend_of_zelda,square floor arena with central block ring and four side doors,310
the_legend_of_zelda,large square floor ring around central block void with outer wall openings,86,dungeon,scattered wall blocks with open paths and bats around edges,449
super_mario_bros,ground platform with two separated raised ground blocks,17,dungeon,scattered wall blocks with bats along narrow paths,414
the_legend_of_zelda,large open floor with wall border and right side block cluster near door,525,dungeon,walls form outer square with central cross path and scattered bats,210
the_legend_of_zelda,square floor room with central blocks and side doors,168,dungeon,walls form scattered blocks with winding paths and bats dispersed,170
the_legend_of_zelda,square floor room enclosed by wall with two door openings top and bottom,459,dungeon,walls form winding paths with bats scattered throughout,478
dungeon,square spiral wall path with bats scattered inside,220,the_legend_of_zelda,square floor room with four monsters near corners and right wall door,184
dungeon,grid of wall blocks with scattered bats and narrow paths,176,super_mario_bros,ground clusters bottom left center right with small mid platform,261
lode_runner,ground bottom left ladders right rope top gold center enemypink,442,dungeon,walls form central blocky maze with bats clustered left along paths,499
dungeon,maze like wall corridors with bats along central path,357,the_legend_of_zelda,central floor grid with four block clusters and side doors,128
super_mario_bros,staircase ground rising to the right,514,the_legend_of_zelda,floor with central diamond block cluster inside wall border,546
the_legend_of_zelda,waterfloor spiral around central blocks within outer wall ring,105,dungeon,wall maze with central path and bat clusters left and right,4
super_mario_bros,three separated ground platforms with coins above and between,251,dungeon,scattered wall blocks with bats along narrow paths,414
dungeon,walls form stepped zigzag path with bats scattered around,358,the_legend_of_zelda,large square floor with scattered blocks and right wall door,536
super_mario_bros,flat ground with two goomba between two pipe,433,the_legend_of_zelda,large square floor room with central block cluster,121
super_mario_bros,ground platform with left ledge and central vertical wall goomba pair,33,lode_runner,ground border top right diggable ground left pit ladders center right gold scattered enemy top,496
dungeon,scattered wall blocks with bats along winding paths,123,the_legend_of_zelda,rectangular wall border with inner water pool surrounded by floor corridor and side doors,80
the_legend_of_zelda,square wall border with large central floor area and left door,489,dungeon,spiral wall path with bats around edges and one central bat,189
dungeon,walls form maze of paths with bats scattered throughout,139,super_mario_bros,two ground platforms separated by gap with single coin above right,22
dungeon,walls form maze paths with bats clustered bottom right,534,the_legend_of_zelda,central block cluster with one monster on floor,24
super_mario_bros,flat ground with three pipes and scattered goombas and a question block overhead,275,dungeon,walls form maze paths around scattered bats,392
super_mario_bros,ground along bottom with breakable block ceiling and scattered question block and goomba,269,dungeon,walls form scattered blocks with bats along paths around center,102
lode_runner,ground border left top diggable ground right ladder center gold right enemy top right,218,the_legend_of_zelda,large open floor room with central wall pillar,250
dungeon,walls scattered in blocks with many short paths between them,74,super_mario_bros,ground forms stepped platform left then long flat ground right,120
the_legend_of_zelda,open floor with four central blocks and bottom door in surrounding wall,56,super_mario_bros,two rows of question block upper left goomba trio on ground right,144
the_legend_of_zelda,square floor room with two monsters centered and doors top bottom,241,dungeon,spiral wall path with bats around edges and one central bat,189
dungeon,bats along a diagonal path between walls,229,super_mario_bros,flat ground with scattered breakable block platforms and a top row of coins and one question,88
super_mario_bros,flat ground with three pipes and scattered goombas and a question block overhead,275,lode_runner,ground border maze diggable ground central blocks ladders vertical mid right rope top left gold,193
lode_runner,ground border diggable ground left maze gold scattered enemy bottom left ladder right rope top right,130,dungeon,walls form central loop path with bats around it,311
lode_runner,ground border bottom diggable ground platforms scattered ladders vertical center left right gold on platforms,466,the_legend_of_zelda,large open floor room surrounded by wall with door on right,95
the_legend_of_zelda,open floor with four central blocks and bottom door in surrounding wall,56,dungeon,two bat clusters separated by open path,509
super_mario_bros,ground clusters bottom left center right with small mid platform,261,dungeon,scattered wall blocks with narrow path gaps no bat,452
super_mario_bros,flat ground platform with three goomba and small raised breakable block ledge,43,dungeon,central path network with scattered bats and surrounding walls,409
dungeon,grid of wall blocks with scattered bats and narrow paths,176,super_mario_bros,ground slopes up to right with question block top right,224
super_mario_bros,flat ground with goomba left and pipe right and question blocks midair,185,dungeon,path with bat cluster in upper right near wall,347
dungeon,walls form maze with winding paths and scattered bats,223,super_mario_bros,flat ground with three pipes and scattered goombas and a question block overhead,275
dungeon,central vertical path between wall blocks with bat clusters right and left,30,the_legend_of_zelda,large square floor room enclosed by wall no objects,435
lode_runner,ground border bottom diggable ground platforms scattered ladders vertical center left right gold on platforms,466,dungeon,bats lined along left wall with branching paths,68
dungeon,central path between wall blocks with bat clusters left and right,503,super_mario_bros,scattered breakable block platforms with small coin clusters above no ground,263
dungeon,walls form scattered blocks with winding paths and bats dispersed,170,super_mario_bros,flat ground with three pipes holding goombas and one goomba on ground with question,274
dungeon,walls form central spiral path with bats scattered throughout,16,lode_runner,ground left mass diggable ground right platforms ladder center rope top gold right enemy right,194
super_mario_bros,ground staircase left goomba on steps tall ground wall right,78,the_legend_of_zelda,large open floor with wall border and right side block cluster near door,525
the_legend_of_zelda,floor grid with central block cluster and surrounding wall border,455,super_mario_bros,ground left and bottom with scattered breakable block platforms and coin cluster,40
the_legend_of_zelda,spiral waterfloor path inside square wall with central floor corridor,532,lode_runner,ground platforms top and mid ladders left and center rope top gold left,425
super_mario_bros,flat ground with scattered question block and one goomba,6,the_legend_of_zelda,square floor room with four monsters near corners and right wall door,184
dungeon,scattered wall blocks with bats and winding paths,359,the_legend_of_zelda,large floor room with two central block clusters aligned vertically,85
the_legend_of_zelda,large open floor with wall border and right side block cluster near door,525,dungeon,scattered wall clusters with bats spread across open path,270
dungeon,path loop around central wall with bats clustered left and bottom,554,lode_runner,ground border diggable ground central columns gold mid right enemy top left ladder bottom left rope,312
super_mario_bros,ground forms left wall and bottom floor with small step on right,328,dungeon,cross shaped wall with bats scattered and open paths around,258
dungeon,scattered wall blocks with open path and bats dispersed,202,the_legend_of_zelda,square floor room with four blocks and one door south,545
the_legend_of_zelda,square floor room with wall border and central block diamond pattern,113,dungeon,walls form central block with surrounding paths and scattered bats,174
the_legend_of_zelda,square floor bordered by wall with central block cluster,154,lode_runner,ground border maze diggable ground scattered gold mid left enemy left ladder center rope right,293
dungeon,spiral wall path with bats around edges and one central bat,189,the_legend_of_zelda,large central floor room surrounded by wall with door openings top bottom right,93
lode_runner,ground bottom ladders left gold diagonal right enemy top center,199,dungeon,path loop around central wall with bats clustered left and bottom,554
super_mario_bros,scattered breakable block platforms with midair question block cluster,273,the_legend_of_zelda,open floor with diagonal wall x pattern and side doors,195
super_mario_bros,flat ground with scattered breakable block platforms and question block cluster right,59,the_legend_of_zelda,large open floor room enclosed by wall with door at bottom,315
dungeon,central open area with surrounding wall blocks and bats along edges and paths,253,lode_runner,ground maze left diggable ground right ladder center rope right gold left enemy top right,92
dungeon,bats clustered along left wall with winding path to right,322,lode_runner,ground platforms across middle and bottom ladder left rope top center gold scattered enemy right middle,13
the_legend_of_zelda,floor grid with central block cluster and surrounding wall border,28,dungeon,walls form outer square with central cross path and scattered bats,210
lode_runner,ground border diggable ground central blocks ladders vertical shafts gold scattered enemy lower left,300,dungeon,scattered wall blocks with open paths and bats around edges,449
lode_runner,ground bottom band diggable ground mid blocks ladders left and right ropes none gold scattered,516,dungeon,central path with two bat pairs between walls,65
super_mario_bros,two ground platforms separated by gap with single coin above right,22,lode_runner,ground border diggable ground blocks gold scattered mid enemy center ladder left rope top,71
super_mario_bros,ground clusters bottom left center right with small mid platform,261,the_legend_of_zelda,floor with central block diamond pattern and surrounding wall border,169
the_legend_of_zelda,open floor room with two monsters centered,335,super_mario_bros,ground floor with central breakable block platform and coins above,228
super_mario_bros,flat ground with goomba left and pipe right and question blocks midair,185,lode_runner,ground border top right diggable ground left pit ladders center right gold scattered enemy top,496
lode_runner,ground bottom left ladder center gold scattered upper right enemypink person,436,dungeon,scattered wall blocks with open paths and bats around edges,449
super_mario_bros,scattered breakable block platforms with small coin clusters above no ground,263,the_legend_of_zelda,open floor room with border wall and two central blocks,477
super_mario_bros,two ground platforms separated by gap with single coin above right,22,dungeon,central path network with scattered bats and surrounding walls,409
super_mario_bros,ground left and bottom with scattered breakable block platforms and coin cluster,40,dungeon,scattered wall blocks with open paths and bats around edges,449
super_mario_bros,staggered brick platforms with question blocks left and tall brick wall right,173,dungeon,scattered wall blocks with bats on open paths,254
the_legend_of_zelda,open floor with blocks forming curved diagonal band on right,201,dungeon,central path with walls and bats clustered upper left and upper right,282
super_mario_bros,ground forms two plateaus with central hill and a coin above,350,the_legend_of_zelda,diagonal wall band across floor with doors top and bottom,216
super_mario_bros,flat ground with scattered breakable block and question block,12,lode_runner,ground border diggable ground blocks gold scattered mid enemy center ladder left rope top,71
the_legend_of_zelda,large square floor with central blocks and wall border openings,341,super_mario_bros,ground staircase left goomba on steps tall ground wall right,78
super_mario_bros,ground platform with tall vertical wall left and two floating breakable block clusters right,497,the_legend_of_zelda,blocks form zigzag diagonal paths across floor inside walls,136
the_legend_of_zelda,square floor room with four monsters near corners and side doors,418,dungeon,walls form scattered blocks with bats on them and winding paths between,355
dungeon,walls scattered in blocks with many short paths between them,74,the_legend_of_zelda,spiral wall corridor around waterfloor channel with door openings,485
dungeon,path loop around central wall with bats clustered left and bottom,554,super_mario_bros,flat ground with three pipes and scattered goombas and a question block overhead,275
super_mario_bros,flat ground with scattered question block rows and one pipe right,38,the_legend_of_zelda,diagonal wall stripes across floor with border wall,94
super_mario_bros,scattered floating breakable block platforms above ground,410,lode_runner,ground border diggable ground center ladder left rope mid gold right enemy top,535
lode_runner,ground platforms across top mid and bottom ladders right and center rope top,388,the_legend_of_zelda,large square floor enclosed by wall with door on right,61
lode_runner,ground platforms top middle and mid left ladder sides rope mid right gold top left and mid,493,super_mario_bros,ground forms two plateaus with central hill and a coin above,350
super_mario_bros,flat ground left tall pipe right two goomba on ground and pipe,203,the_legend_of_zelda,two water pools left and right on open floor with south door,187
dungeon,bats scattered around central wall with narrow path openings,454,the_legend_of_zelda,large floor room enclosed by wall with central empty area,109
lode_runner,ground bottom left slope diggable ground above ladder center rope top gold scattered enemy none,421,the_legend_of_zelda,square floor room with central blocks and side doors,168
lode_runner,ground border diggable ground central rope right ladder left gold upper enemy lower,164,dungeon,walls form maze paths with bats clustered in upper rooms and one central,378
super_mario_bros,rising ground staircase slope with left floating ground platform,206,the_legend_of_zelda,open floor with scattered blocks and walls around edges,10
lode_runner,ground maze left diggable ground right ladder center rope right gold left enemy top right,92,super_mario_bros,ground platform with left ledge and central vertical wall goomba pair,33
dungeon,l shaped wall enclosure with bats scattered in open path,39,lode_runner,ground border diggable ground blocks center ladder left rope top gold scattered enemy right,444
dungeon,bats scattered around central wall with narrow path openings,454,the_legend_of_zelda,water ring around central floor with blocks,106
lode_runner,ground border diggable ground top right gold top right ladder left rope mid left enemyp,544,the_legend_of_zelda,square floor room with four blocks and one door south,545
lode_runner,ground border diggable ground left rope left ladder center right gold scattered enemy left,533,super_mario_bros,ground platform with left ledge and central vertical wall goomba pair,33
super_mario_bros,flat ground with pipe right and question blocks above center,165,dungeon,bats scattered across open paths between wall blocks,217
super_mario_bros,flat ground left tall pipe right two goomba on ground and pipe,203,lode_runner,ground bottom ladders left gold diagonal right enemy top center,199
lode_runner,ground border top left diggable ground scattered ladder center rope top gold,317,dungeon,central cross path with scattered bats and surrounding walls,37
dungeon,spiral path around central wall with bats scattered,272,the_legend_of_zelda,large square floor room enclosed by wall with two side doors,469
lode_runner,ground clusters left and right diggable ground center ladder rope gold scattered enemy pink person upper,44,super_mario_bros,staircase ground rising to right then flat ground,443
the_legend_of_zelda,large open floor room with central wall pillar and left door,235,dungeon,walls form central corridor path with bats clustered along bottom,329
the_legend_of_zelda,central stair surrounded by scattered blocks on open floor within walls,177,super_mario_bros,flat ground with scattered cannons and a goomba question block above,383
lode_runner,ground border diggable ground left maze gold scattered enemy bottom left ladder right rope top right,130,the_legend_of_zelda,square wall ring around large central floor with two side doors,149
dungeon,bats clustered along left wall with winding path to right,322,the_legend_of_zelda,square floor room with four monsters near corners and side doors,418
lode_runner,ground border diggable ground center gold cluster lower left ladder left rope right enemy mid right,517,dungeon,bats scattered around central wall with narrow path openings,454
the_legend_of_zelda,large square floor room with central block cluster and wall border,556,dungeon,walls form stepped blocks with open paths around edges and center,138
the_legend_of_zelda,square wall border with large central floor area and left door,489,lode_runner,ground bottom and right diggable ground center rope left ladder left gold scattered enemy pink person,96
super_mario_bros,pipes on right ground scattered question block and breakable block platforms,467,dungeon,scattered wall blocks with bats and winding paths,359
lode_runner,ground border maze diggable ground corridors ladders right gold scattered enemy none,19,the_legend_of_zelda,large central water pool surrounded by floor and outer wall,550
super_mario_bros,two elevated ground platforms with goomba on top and coins upper right,528,the_legend_of_zelda,floor grid with scattered blocks inside surrounding wall,248
lode_runner,ground border diggable ground center ladder left rope top gold scattered enemy pink person mid,64,the_legend_of_zelda,water ring around central floor with blocks,106
dungeon,spiral path around central wall with bats scattered,272,the_legend_of_zelda,open floor room with scattered monsters and central block cluster,160
lode_runner,ground platforms left and mid rope right ladder center gold top center enemy left mid,247,the_legend_of_zelda,open floor room with two monsters centered,335
the_legend_of_zelda,square floor ring with central water corridor spiral,110,dungeon,walls form central block with right looped path and scattered bats,197
the_legend_of_zelda,square floor room with four monsters near corners and side doors,418,lode_runner,ground border left bottom right diggable ground clusters top mid rope top ladder right gold scattered,81
the_legend_of_zelda,square wall ring with large central floor area,155,dungeon,walls form central block with scattered wall islands and open paths,181
the_legend_of_zelda,two water pools left and right on open floor with south door,187,super_mario_bros,ground clusters at bottom left center right with midair ground platform right,51
dungeon,walls form maze with winding paths and scattered bats,223,the_legend_of_zelda,square floor room with four monsters near corners and surrounding wall,133
super_mario_bros,two ground platforms separated by wide gap,243,lode_runner,ground left platforms rope top left ladder top center diggable ground top right gold mid left,244
lode_runner,ground left and right platforms ladders left center rope top gold center enemy top,416,dungeon,walls form winding paths with bats scattered throughout,478
the_legend_of_zelda,large open floor with central wall pillar and right door,431,dungeon,zigzag wall corridors with scattered bat along path,415
lode_runner,ground border diggable ground center ladder left rope top gold scattered enemy pink person mid,64,the_legend_of_zelda,three vertical floor corridors separated by wall blocks,518
the_legend_of_zelda,floor with diagonal block stripes across open area,21,dungeon,walls form central winding path with bats scattered around,325
the_legend_of_zelda,square wall border with central floor area,484,super_mario_bros,two separated ground platforms with goomba on left and coins at edges,145
dungeon,path loop around central wall with bats clustered left and bottom,554,the_legend_of_zelda,open floor with four central blocks and bottom door in surrounding wall,56
lode_runner,ground border diggable ground right column gold top center enemy mid right ladder left rope top,7,dungeon,central path with scattered wall blocks and bats along top edge,527
super_mario_bros,scattered ground platforms with right side staircase ground blocks,547,the_legend_of_zelda,square floor room with central block cluster,524
lode_runner,ground bottom band diggable ground left and center blocks gold row left enemy right ladder top,542,dungeon,walls form central spiral path with bats scattered throughout,16
lode_runner,ground bottom band diggable ground mid blocks ladders left and right ropes none gold scattered,516,the_legend_of_zelda,central stair with scattered blocks on floor inside surrounding wall,238
lode_runner,ground border diggable ground center platforms ladders top center left rope left gold scattered enemy,147,super_mario_bros,flat ground with central pipe and scattered breakable block platforms and goomba,118
super_mario_bros,two elevated ground platforms with goomba on top and coins upper right,528,lode_runner,ground bottom ladders right ropes mid gold scattered left enemy top left,490
dungeon,walls form stepped zigzag path with bats scattered around,358,lode_runner,ground border diggable ground center gold cluster lower left ladder left rope right enemy mid right,517
the_legend_of_zelda,floor with central diamond block cluster inside wall border,546,dungeon,walls form e shape with bats scattered along paths,236
dungeon,central winding path through walls with bats scattered around,369,the_legend_of_zelda,checkerboard floor with four block diamond clusters near center,401
lode_runner,ground border maze diggable ground pockets ladders left center ropes sparse gold clusters left bottom,186,dungeon,two bat clusters in lower left and lower right separated by walls and paths,553
dungeon,central path with walls and bats clustered upper left and upper right,282,the_legend_of_zelda,square floor ring with central block area and monsters in grid,198
the_legend_of_zelda,square floor room with four monsters near corners and surrounding wall,133,dungeon,bats scattered along winding paths between walls,345
the_legend_of_zelda,floor with diagonal block stripes across open area,21,super_mario_bros,flat ground with scattered goomba and pipe at right,151
super_mario_bros,two separated ground platforms with a lower right ground block and coins,428,dungeon,scattered wall blocks with bats in open areas and winding paths,520
the_legend_of_zelda,square floor room with wall border and two monsters centered,548,super_mario_bros,flat ground with three goomba spaced and tall right wall,324
dungeon,walls form maze paths with bats clustered in upper rooms and one central,378,super_mario_bros,ground staircase with pipe left and floating question block platforms,462
dungeon,spiral wall path with bats clustered on right side,156,super_mario_bros,ground along bottom with three goomba and scattered question block and breakable block above,285
super_mario_bros,staircase ground rising to right with question block and floating ground platforms,495,dungeon,path maze with walls and bats clustered right and lower left,2
dungeon,bats clustered along right wall with central winding path,48,lode_runner,ground border maze diggable ground corridors ladder right rope top gold scattered enemy center,191
dungeon,walls form scattered blocks with winding paths and bats spread around,90,super_mario_bros,pipes on right ground scattered question block and breakable block platforms,467
the_legend_of_zelda,square floor with scattered blocks and one stair near center,134,lode_runner,ground border top bottom ladders left center rope mid gold left enemy,557
the_legend_of_zelda,spiral waterfloor corridor on floor enclosed by wall,98,super_mario_bros,ground forms stepped platform left then long flat ground right,120
dungeon,central open path with scattered bat and wall clusters,284,the_legend_of_zelda,two water pools left and right on open floor with south door,187
super_mario_bros,scattered ground platforms with a pipe on left and a cannon on right,390,the_legend_of_zelda,open floor with four central blocks and bottom door in surrounding wall,56
lode_runner,ground border diggable ground blocks gold scattered mid enemy center ladder left rope top,71,the_legend_of_zelda,large square floor room enclosed by wall with two monsters centered vertically,296
super_mario_bros,ground spans bottom with two brick platforms holding coins left and right,412,dungeon,scattered wall blocks with bats around edges and central paths,281
lode_runner,ground bottom ladders right ropes mid gold scattered left enemy top left,490,super_mario_bros,flat ground with scattered breakable block platforms and a top row of coins and one question,88
the_legend_of_zelda,large square floor with diagonal block pattern and surrounding wall,183,dungeon,wall grid with scattered rectangular path gaps,403
the_legend_of_zelda,spiral waterfloor channel inside square floor with outer wall and two door,219,dungeon,l shaped wall enclosure with bats scattered in open path,39
lode_runner,ground border maze diggable ground corridors ladders right gold scattered enemy none,19,super_mario_bros,scattered ground platforms with coins above and no enemies,100
the_legend_of_zelda,square floor ring with four inner wall blocks and four corner monsters,458,dungeon,spiral wall path with bats around edges and one central bat,189
the_legend_of_zelda,large floor room with four block pillars and two door openings,277,super_mario_bros,flat ground with three pipes and scattered goombas and a question block overhead,275
lode_runner,ground platforms across middle and bottom gold scattered left and top ladder top center rope right enemy,398,super_mario_bros,scattered floating breakable block platforms above ground,410
the_legend_of_zelda,floor with central diamond block cluster inside wall border,546,super_mario_bros,ground with long breakable block platform top center and small breakable block ledge right,502
lode_runner,ground bottom left ladder far left gold scattered mid and top enemy center,512,super_mario_bros,two elevated ground platforms with goomba on top and coins upper right,528
super_mario_bros,two ground platforms separated by wide gap,243,dungeon,central path with scattered wall blocks and bats along top edge,527
dungeon,path with bat cluster in upper right near wall,347,the_legend_of_zelda,square floor room with wall border and central block diamond pattern,113
super_mario_bros,ground spans bottom with two brick platforms holding coins left and right,412,the_legend_of_zelda,square floor ring with central water corridor spiral,110
super_mario_bros,flat ground with right question block row and goomba,222,lode_runner,ground maze left diggable ground right ladder center rope right gold left enemy top right,92
super_mario_bros,flat ground with left stepped hill and midair question block on breakable block row,368,the_legend_of_zelda,floor grid with two symmetric block diamond clusters near center,470
super_mario_bros,ground with single pipe at far left and mid raised breakable block platform,323,the_legend_of_zelda,large open floor room enclosed by wall with two door openings,196
the_legend_of_zelda,square floor room with wall border and central block diamond pattern,113,dungeon,walls form scattered blocks with winding paths and bats spread around,90
super_mario_bros,scattered ground platforms with goomba and coins,460,dungeon,central vertical wall with cross paths and bats around edges,178
lode_runner,ground bottom right mound gold scattered ladder left rope top enemy left,63,super_mario_bros,scattered floating breakable block platforms with coins and ground at bottom,112
lode_runner,ground bottom left slope diggable ground above ladder center rope top gold scattered enemy none,421,dungeon,walls form maze paths with bats scattered mostly along paths,212
the_legend_of_zelda,large central water pool surrounded by floor and outer wall,550,super_mario_bros,scattered floating ground platforms with coins and no enemies,370
lode_runner,ground left and right platforms ladders left center rope top gold center enemy top,416,the_legend_of_zelda,large square floor room with central block cluster,121
super_mario_bros,two ground pyramids separated by gap,77,lode_runner,ground border diggable ground central ladder rope top gold scattered enemy upper left,26
the_legend_of_zelda,floor grid with diagonal block lines across open room,349,super_mario_bros,ground forms tall left wall then long flat platform with small right step,482
dungeon,scattered wall blocks with bats between on open path,364,super_mario_bros,two ground pyramids separated by gap,77
lode_runner,ground border diggable ground right block ladders left columns ropes mid gold top left enemy,408,super_mario_bros,flat ground left tall pipe right two goomba on ground and pipe,203
super_mario_bros,two pipes on ground with goombas and small breakable block platforms above,268,dungeon,scattered wall blocks with bats along narrow paths,414
super_mario_bros,ground clusters at bottom left center right with midair ground platform right,51,lode_runner,ground border diggable ground central blocks ladders vertical shafts gold scattered enemy lower left,300
the_legend_of_zelda,square floor room with four monsters near corners and side doors,50,dungeon,cross shaped wall with bats around and open path edges,227
dungeon,path zigzag between wall blocks with bats on right edge,471,lode_runner,ground border diggable ground center ladder left rope mid gold right enemy top,535
the_legend_of_zelda,square floor room with border wall and scattered blocks,448,lode_runner,ground platforms across middle and bottom ladder center rope top left gold scattered enemy pink person center,75
the_legend_of_zelda,large central floor room surrounded by wall border,31,super_mario_bros,staircase ground platforms with scattered coins and goombas and one question block,166
super_mario_bros,staircase ground slope rising left with coins upper right,519,the_legend_of_zelda,open floor with scattered blocks and central stair door at bottom,508
dungeon,two bat clusters separated by central path corridors and surrounding wall blocks,132,the_legend_of_zelda,large open floor room enclosed by wall with one door on right and one door bottom,391
super_mario_bros,flat ground with two cannons and one goomba,5,the_legend_of_zelda,large central floor room surrounded by wall ring with right door opening,140
the_legend_of_zelda,square wall border with large central floor area and left door,489,dungeon,bats scattered around central wall with narrow path openings,454
dungeon,central path with two bat pairs between walls,65,the_legend_of_zelda,floor with central block diamond pattern and surrounding wall border,169
the_legend_of_zelda,water forms large c shape around central floor blocks,42,dungeon,wall band across middle with bats clustered top and along wall path,234
the_legend_of_zelda,open floor with scattered blocks and central stair door at bottom,508,super_mario_bros,flat ground with three pipes each holding goomba and a right floating breakable block platform,321
dungeon,bats clustered along left wall with winding path to right,322,the_legend_of_zelda,central floor room with two wall pillars and four monsters near middle,153
the_legend_of_zelda,open floor room with two monsters near center,159,dungeon,two wall blocks with central path corridor and scattered bat pockets,439
dungeon,bats clustered along left wall with winding path to right,322,the_legend_of_zelda,open floor room with two monsters near center,159
lode_runner,ground platforms left and right ladder center rope top gold scattered enemy top center,299,super_mario_bros,flat ground with two cannons and one goomba,5
super_mario_bros,staggered brick platforms with question blocks left and tall brick wall right,173,lode_runner,ground clusters left and right diggable ground center ladder rope gold scattered enemy pink person upper,44
dungeon,scattered wall blocks with bats spread across open paths,479,the_legend_of_zelda,large open floor room enclosed by wall with two door openings,196
dungeon,bats along a diagonal path between walls,229,the_legend_of_zelda,large central floor room surrounded by wall with door openings top bottom right,93
the_legend_of_zelda,floor with central block diamond pattern and surrounding wall border,169,super_mario_bros,staircase ground rising to right with question block and floating ground platforms,495
dungeon,central path network with scattered bats and surrounding walls,409,the_legend_of_zelda,rectangular wall border with inner water pool surrounded by floor corridor and side doors,80
the_legend_of_zelda,square floor room with central blocks and side doors,168,lode_runner,ground border diggable ground left block gold top left enemy bottom left ladders center right,498
lode_runner,ground bottom left ladder center gold scattered upper right enemypink person,436,the_legend_of_zelda,waterfloor maze corridors around central blocks with doors north south,419
super_mario_bros,flat ground with pipe right and question blocks above center,165,the_legend_of_zelda,square floor room with four monsters near corners and side doors,50
super_mario_bros,three separated ground platforms with a large ground block on right,99,dungeon,scattered wall blocks with open paths and bats around edges,449
super_mario_bros,flat ground with scattered question block and one goomba,6,the_legend_of_zelda,square wall ring with large central floor area,155
lode_runner,ground bottom left ladder far left gold scattered mid and top enemy center,512,dungeon,winding path through scattered wall blocks with bats in open areas,475
lode_runner,ground border maze diggable ground scattered gold mid left enemy left ladder center rope right,293,the_legend_of_zelda,square floor room with four monsters near corners and side doors,418
lode_runner,ground border diggable ground scattered center ladder vertical rope left gold top right enemy bottom left,529,the_legend_of_zelda,square floor room with central block cluster and surrounding wall,456
lode_runner,ground border maze diggable ground scattered gold mid left enemy left ladder center rope right,293,dungeon,scattered wall clusters with bats spread across open path,270
the_legend_of_zelda,square floor with central block diamond and two doors top bottom,465,dungeon,central path network with scattered bats and surrounding walls,409
dungeon,walls form maze with central open area and winding paths for bats,515,lode_runner,ground border diggable ground central rope right ladder left gold upper enemy lower,164
super_mario_bros,ground with left pipe and right stepped breakable block hill,541,dungeon,walls form central block with bats scattered and paths around edges,483
super_mario_bros,ground platform with tall vertical wall left and two floating breakable block clusters right,497,dungeon,central winding path with scattered bats and surrounding wall blocks,555
lode_runner,ground blocks left and right central ladder gold along ladder enemy top right,314,dungeon,central winding path through walls with bats scattered around,369
lode_runner,ground platforms left and right ladder center rope top gold scattered enemy top center,299,the_legend_of_zelda,square floor room with four monsters near corners and doors top bottom,511
dungeon,walls form maze of paths with bats scattered throughout,139,the_legend_of_zelda,large square floor room with four monsters near corners,438
dungeon,central path network with scattered bats and surrounding walls,409,the_legend_of_zelda,central stair surrounded by scattered blocks on open floor within walls,177
lode_runner,ground border diggable ground central rope right ladder left gold upper enemy lower,164,super_mario_bros,flat ground with cannon left pipe center goombas on pipe and right,422
the_legend_of_zelda,spiral waterfloor channel inside square floor with outer wall and two door,219,lode_runner,ground border diggable ground center ladder left right rope top gold scattered enemy center,316
dungeon,central cross path with scattered wall blocks and bats clustered lower center,450,the_legend_of_zelda,diagonal wall stripes across floor with border wall,94
the_legend_of_zelda,large floor room with central water strip and right wall door,346,dungeon,bats clustered along bottom center path amid scattered walls,34
dungeon,walls form scattered rooms with central path and bats spread throughout,256,super_mario_bros,pipes of varying heights on continuous ground with goombas on pipes,205
dungeon,path forms t shape walls with bat clusters in corners,318,the_legend_of_zelda,three vertical floor corridors separated by wall blocks,518
super_mario_bros,ground staircase left goomba on steps tall ground wall right,78,the_legend_of_zelda,large central floor room surrounded by wall ring with two side doors and bottom door,377
lode_runner,ground bottom strip ladders left center right gold left enemy left rope none,114,dungeon,walls form scattered blocks with bats along paths around center,102
the_legend_of_zelda,large open floor with central wall pillar and right door,431,lode_runner,ground border left top diggable ground right ladder center gold right enemy top right,218
dungeon,two bat clusters in lower left and lower right separated by walls and paths,553,the_legend_of_zelda,floor square room with central stair and two side doors,208
super_mario_bros,ground staircase left goomba on steps tall ground wall right,78,the_legend_of_zelda,large square floor room enclosed by wall with central block cluster,507
super_mario_bros,flat ground then rising staircase of breakable block on right with coins above,399,the_legend_of_zelda,large open floor room enclosed by wall with single door bottom,58
the_legend_of_zelda,large square floor with central blocks and wall border openings,341,dungeon,walls form scattered blocks with winding paths and bats dispersed,376
dungeon,walls form central block with surrounding paths and scattered bats,174,lode_runner,ground border diggable ground center gold cluster lower left ladder left rope right enemy mid right,517
the_legend_of_zelda,large open floor room enclosed by wall with two door openings,196,dungeon,walls form maze with central path and bats clustered left right and bottom,29
the_legend_of_zelda,square floor room with four water blocks near center and right wall door,374,super_mario_bros,scattered floating breakable block platforms with coins and ground at bottom,112
dungeon,walls form central open area with bats around edges and bottom path,122,super_mario_bros,flat ground with two goomba between two pipe,433
super_mario_bros,flat ground with single question block above and breakable block right,446,the_legend_of_zelda,square floor with central diamond block pattern and one monster near top,379
dungeon,walls form central open area with bats around edges and bottom path,122,the_legend_of_zelda,waterfloor spiral around central blocks within outer wall ring,105
dungeon,walls form maze paths with bats scattered in open rooms,332,lode_runner,ground bottom left ladders right rope top gold center enemypink,442
dungeon,walls form maze paths with bats clustered along bottom and center,295,the_legend_of_zelda,diagonal wall stripes across floor with border wall,94
the_legend_of_zelda,central horizontal water strip across floor with door at bottom center,36,super_mario_bros,flat ground with scattered breakable block platforms and one question block,182
super_mario_bros,flat ground platform with three goomba and small raised breakable block ledge,43,dungeon,central path with bats scattered and surrounding wall,474
dungeon,walls form scattered blocks with winding paths between them,57,the_legend_of_zelda,large floor room with central diagonal wall corridor,101
the_legend_of_zelda,open floor with central block cluster and bottom door,190,dungeon,path forms t shape walls with bat clusters in corners,318
lode_runner,ground maze with ladders ropes gold scattered enemy top center,451,dungeon,scattered wall blocks with open paths and bats around edges,449
the_legend_of_zelda,spiral waterfloor channel inside square floor with outer wall and two door,219,dungeon,walls form scattered blocks with winding paths and bats dispersed,170
dungeon,bats clustered left with scattered walls and winding paths,70,the_legend_of_zelda,square wall border with large central floor area and left door,489
dungeon,scattered wall blocks with open paths and bats around edges,55,the_legend_of_zelda,floor grid with central block cluster and surrounding wall border,28
the_legend_of_zelda,square floor room with two monsters centered and doors top bottom,241,lode_runner,ground platforms across top mid and bottom ladders right and center rope top,388
super_mario_bros,ground platform with tall vertical wall left and two floating breakable block clusters right,497,dungeon,walls form winding paths with bats scattered in open areas,162
dungeon,walls form winding path with bats scattered throughout,279,the_legend_of_zelda,large open floor room enclosed by wall with door at bottom center,246
lode_runner,ground bottom right ladders right rope mid gold upper right enemy left,343,dungeon,wall maze with central path and bat clusters left and right,4
the_legend_of_zelda,central floor with scattered monsters and one block cluster on right,327,lode_runner,ground platforms top and mid right gold scattered enemy pink person mid left ladder left rope center,115
lode_runner,ground bottom band ladders left right ropes top gold mid right enemy top center,104,the_legend_of_zelda,waterfloor maze corridors around central blocks with doors north south,419
lode_runner,ground maze with ladders ropes gold scattered enemy top center,451,super_mario_bros,ground floor with central breakable block platform and coins above,228
the_legend_of_zelda,large open floor room surrounded by wall with two door openings left and right,265,dungeon,maze like wall corridors with bats along central path,357
super_mario_bros,flat ground with two goomba and scattered breakable block platforms and one question block,209,the_legend_of_zelda,large square floor room with central block cluster,121
the_legend_of_zelda,central floor room with two wall pillars and four monsters near center,549,dungeon,bats clustered left with scattered walls and winding paths,70
the_legend_of_zelda,spiral waterfloor corridor inside walls,287,dungeon,walls form maze paths with bats clustered bottom right,534
super_mario_bros,ground with pipe on right and stepped breakable block pillars on left,9,the_legend_of_zelda,large open floor room enclosed by wall with one door on left and one door bottom,552
dungeon,walls form scattered blocks with bats along paths around center,102,lode_runner,ground left platforms rope top left ladder top center diggable ground top right gold mid left,244
the_legend_of_zelda,central water strip across floor with top and bottom door openings,386,lode_runner,ground platforms top and mid ladders left and center rope top gold left,425
lode_runner,ground border top right diggable ground left pit ladders center right gold scattered enemy top,496,super_mario_bros,scattered floating breakable block platforms with coins and ground at bottom,112
lode_runner,ground platforms left and right diggable ground center pit ladders left and center rope top,60,dungeon,walls form maze with winding paths and scattered bats,223
the_legend_of_zelda,blocks form zigzag diagonal paths across floor inside walls,136,super_mario_bros,ground floor with central breakable block platform and coins above,228
lode_runner,ground border diggable ground center gold scattered ladders left right rope top enemy right,54,the_legend_of_zelda,floor grid with central block cluster and surrounding wall border,28
the_legend_of_zelda,central stair surrounded by scattered blocks on open floor within walls,177,super_mario_bros,ground along bottom with breakable block ceiling and scattered question block and goomba,269
lode_runner,ground bottom band diggable ground mid blocks ladders left and right ropes none gold scattered,516,the_legend_of_zelda,floor grid with central block cluster and surrounding wall border,28
super_mario_bros,staircase ground rising left to center with floating breakable block platforms,539,the_legend_of_zelda,large open floor with wall border and blocks clustered on right,46
dungeon,bats scattered along winding paths between walls,345,super_mario_bros,staircase ground platforms with scattered coins and goombas and one question block,166
lode_runner,ground top band ladders left right rope mid gold scattered center left enemy upper left,62,dungeon,central vertical path with bats and surrounding walls,292
dungeon,scattered wall blocks with bats spread across open paths,479,the_legend_of_zelda,waterfloor zigzag river through central floor with surrounding wall,427
dungeon,maze of walls with many small paths and scattered bats,402,the_legend_of_zelda,spiral waterfloor corridor on floor enclosed by wall,98
the_legend_of_zelda,central floor room with two wall pillars and four monsters near center,549,super_mario_bros,flat ground with gap right and two question block above,420
super_mario_bros,scattered floating breakable block platforms with coins and ground at bottom,112,lode_runner,ground border top right diggable ground left pit ladders center right gold scattered enemy top,496
super_mario_bros,ground staircase with pipe left and floating question block platforms,462,dungeon,walls form central blocky maze with bats clustered left along paths,499
lode_runner,ground border maze diggable ground scattered gold mid left enemy left ladder center rope right,293,super_mario_bros,ground with two goomba left pipe center cannon right,8
super_mario_bros,ground valley with left pipe and right stepped ground wall,289,the_legend_of_zelda,square floor with central block diamond pattern,143
the_legend_of_zelda,open floor with diagonal block line and scattered blocks,426,dungeon,spiral wall path with bats clustered on right side,156
dungeon,scattered wall blocks with open paths and bats around edges,55,the_legend_of_zelda,square wall ring with central floor area and two door openings,179
dungeon,central vertical path between wall blocks with bat clusters right and left,30,super_mario_bros,ground with left pipe and right stepped breakable block hill,541
lode_runner,ground bottom left ladders right rope top gold center enemypink,442,the_legend_of_zelda,large square floor area enclosed by wall with four door openings,505
dungeon,walls form scattered blocks with bats along paths around center,102,the_legend_of_zelda,central vertical floor corridor with monsters inside surrounding wall ring,172
super_mario_bros,ground clusters bottom left center right with small mid platform,261,lode_runner,ground bottom band diggable ground left mass ladder left rope mid gold scattered enemy center,111
dungeon,walls form central block with paths around and bats clustered top and right,20,super_mario_bros,flat ground with central pipe and scattered breakable block platforms and goomba,118
the_legend_of_zelda,central water strip across floor with top and bottom door openings,386,lode_runner,ground border diggable ground blocks center ladder left rope top gold scattered enemy right,444
super_mario_bros,flat ground with three pipes and scattered goombas and a question block overhead,275,the_legend_of_zelda,large open floor room enclosed by wall with two door openings top and bottom,367
dungeon,walls form central path with bat clusters left and bottom right,434,lode_runner,ground border top bottom ladders left center rope mid gold left enemy,557
dungeon,walls form maze with central path and bats clustered left right and bottom,29,the_legend_of_zelda,large open floor room surrounded by wall with two door openings left and right,265
the_legend_of_zelda,square floor with scattered blocks and one stair near center,134,super_mario_bros,staircase ground rising to the right,514
dungeon,zigzag wall corridors with scattered bat along path,415,super_mario_bros,ground floor with central breakable block platform and coins above,228
lode_runner,ground platforms top and mid ladders left and center rope top gold left,425,dungeon,central horizontal path with scattered bats and wall blocks,87
super_mario_bros,ground across bottom with goomba left and question block row above,393,the_legend_of_zelda,large square floor ring around central block void with outer wall openings,86
super_mario_bros,ground forms tall left wall then long flat platform with small right step,482,lode_runner,ground bottom band ladder center gold left enemypink person upper center diggable ground,320
dungeon,bats clustered along right wall with central winding path,48,lode_runner,ground border platforms ladders left and center rope center gold scattered enemy pink center and lower,213
lode_runner,ground border maze diggable ground corridors ladder right rope top gold scattered enemy center,191,the_legend_of_zelda,open floor room with border wall and two central blocks,477
lode_runner,ground border diggable ground top right rope mid ladder center gold scattered enemy right,380,the_legend_of_zelda,large open floor room enclosed by wall with single door bottom,58
the_legend_of_zelda,square wall border with central floor area,484,lode_runner,ground border diggable ground center ladder left rope top gold scattered enemy pink person mid,64
the_legend_of_zelda,floor grid with central block cluster and surrounding wall border,455,dungeon,walls form scattered blocks with bats on them and winding paths between,355
lode_runner,ground border maze diggable ground corridors ladder right rope top gold scattered enemy center,191,dungeon,maze of walls with many small paths and scattered bats,402
the_legend_of_zelda,large floor room with four block pillars and two door openings,277,dungeon,path maze between wall blocks with many bats scattered,124
dungeon,maze like wall corridors with bats along central path,357,the_legend_of_zelda,square wall border with large central floor area and left door,489
super_mario_bros,ground with pipe on right and stepped breakable block pillars on left,9,the_legend_of_zelda,central water strip across floor with top and bottom door openings,386
the_legend_of_zelda,large floor room with central wall pillar and right door,307,lode_runner,ground border diggable ground central rope right ladder left gold upper enemy lower,164
dungeon,central path with two bat pairs between walls,65,the_legend_of_zelda,square floor room enclosed by wall with two door openings top and bottom,459
dungeon,cross shaped wall with bats scattered around paths,129,the_legend_of_zelda,square floor room with wall border and central block diamond pattern,113
the_legend_of_zelda,square wall ring enclosing empty floor area,494,super_mario_bros,flat ground with gap right and two question block above,420
lode_runner,ground bottom band ladders center left right gold top center enemy left mid diggable ground,330,the_legend_of_zelda,floor with central block diamond pattern and surrounding wall border,169
super_mario_bros,ground forms tall left wall and long bottom platform with small right step single breakable,14,dungeon,walls form central winding path with bats scattered throughout,233
the_legend_of_zelda,large open floor with right side blocks and one door,126,super_mario_bros,flat ground with three pipes holding goombas and one goomba on ground with question,274
dungeon,walls form three large blocks with narrow paths between them,142,lode_runner,ground border diggable ground right column gold top center enemy mid right ladder left rope top,7
lode_runner,ground bottom left ladder center gold scattered upper right enemypink person,436,super_mario_bros,ground valley with left pipe and right stepped ground wall,289
super_mario_bros,ground forms two plateaus with central hill and a coin above,350,dungeon,walls form winding paths with bats scattered throughout,478
the_legend_of_zelda,diagonal wall from bottom left to top right across floor with door bottom center,432,dungeon,bats clustered along bottom center path amid scattered walls,34
the_legend_of_zelda,square floor ring with central water corridor spiral,110,dungeon,central path with walls and bats clustered upper left and upper right,282
dungeon,scattered wall blocks with bats across open paths,531,the_legend_of_zelda,square floor with central block diamond pattern,143
the_legend_of_zelda,three vertical floor corridors separated by wall blocks,518,super_mario_bros,flat ground then rising staircase of breakable block on right with coins above,399
super_mario_bros,flat ground with three goomba spaced and tall right wall,324,the_legend_of_zelda,large floor room with central wall pillar and right door,307
dungeon,walls form grid of blocks with scattered paths and bats,252,lode_runner,ground bottom band ladders center left right gold top center enemy left mid diggable ground,330
the_legend_of_zelda,square floor arena with central block cluster and surrounding wall,83,dungeon,walls form central open area with bats around edges and bottom path,122
super_mario_bros,staircase ground slope rising left with coins upper right,519,dungeon,walls form scattered blocks with winding paths and bats spread around,90
dungeon,walls form stepped zigzag path with bats scattered around,358,the_legend_of_zelda,square wall border with central floor area,484
the_legend_of_zelda,large central water pool surrounded by floor and outer wall,550,super_mario_bros,two elevated ground platforms with goomba on top and coins upper right,528
dungeon,central cross path with scattered wall blocks and bats clustered lower center,450,the_legend_of_zelda,large water pool centered surrounded by floor and wall with door openings,237
dungeon,walls form winding paths with bats scattered in open areas,162,the_legend_of_zelda,square wall ring around large central floor with two side doors,149
dungeon,scattered wall blocks with bats near bottom and open paths,239,super_mario_bros,flat ground with scattered question block rows and one pipe right,38
dungeon,scattered wall blocks with bats spread across open paths,479,super_mario_bros,flat ground with scattered breakable block clusters and three goomba and a pipe right,336
lode_runner,ground border maze diggable ground corridors ladder right rope top gold scattered enemy center,191,the_legend_of_zelda,square floor room with two monsters centered and doors top bottom,241
the_legend_of_zelda,wall border enclosing large central floor area,286,super_mario_bros,two elevated ground platforms with goomba on top and coins upper right,528
super_mario_bros,ground platform with left ledge and central vertical wall goomba pair,33,dungeon,walls form central block with scattered bats and open paths,305
dungeon,walls form central loop path with bats around it,311,super_mario_bros,flat ground with two goomba and scattered breakable block platforms and one question block,209
dungeon,walls form central block with paths around and bats clustered top and right,20,lode_runner,ground bottom band ladder right edge gold scattered mid enemypink person left mid,271
the_legend_of_zelda,large open floor room enclosed by wall with door at bottom center,551,lode_runner,ground border maze diggable ground corridors ladders right gold scattered enemy none,19
the_legend_of_zelda,open floor room with central stair and surrounding wall,226,super_mario_bros,scattered ground platforms with a pipe on left and a cannon on right,390
lode_runner,ground bottom left ladder right rope top gold mid enemypink person,3,dungeon,walls form central spiral path with bats scattered throughout,16
the_legend_of_zelda,central stair with scattered blocks on floor inside surrounding wall,238,dungeon,central path with scattered wall blocks and bats,188
the_legend_of_zelda,square wall border with central floor area,484,super_mario_bros,pipes on right ground scattered question block and breakable block platforms,467
the_legend_of_zelda,three vertical floor corridors separated by wall blocks,518,super_mario_bros,ground left slope with three goomba and scattered question block breakable block platforms,276
the_legend_of_zelda,open floor room with two monsters centered and door at bottom,207,dungeon,walls form winding path with bats scattered throughout,279
lode_runner,ground bottom band ladder right edge gold scattered mid enemypink person left mid,271,super_mario_bros,flat ground with scattered breakable block and question block,12
lode_runner,ground bottom left slope diggable ground above ladder center rope top gold scattered enemy none,421,super_mario_bros,flat ground with scattered breakable block clusters and three goomba and a pipe right,336
the_legend_of_zelda,square floor room with central water column,215,dungeon,central cross path with scattered bats and surrounding walls,37
dungeon,path with bat cluster in upper right near wall,347,super_mario_bros,scattered coin pairs above small breakable block platforms on ground,375
lode_runner,ground border diggable ground right column gold top center enemy mid right ladder left rope top,7,super_mario_bros,scattered ground platforms with goomba and coins,460
the_legend_of_zelda,open floor room with two monsters centered and one door bottom,513,super_mario_bros,flat ground with scattered goomba clusters,45
the_legend_of_zelda,square floor room with four monsters near corners and side doors,418,super_mario_bros,flat ground with scattered breakable block clusters and three goomba and a pipe right,336
the_legend_of_zelda,large square floor room enclosed by wall with two side doors,469,dungeon,path zigzag corridors with two bat near center and walls around,214
the_legend_of_zelda,central water surrounded by floor ring and outer wall with two doors,395,dungeon,bat cluster left of central path between walls,283
lode_runner,ground bottom band ladder right edge gold scattered mid enemypink person left mid,271,the_legend_of_zelda,square floor room with four monsters near corners and surrounding wall,133
super_mario_bros,flat ground with scattered breakable block and question block,12,the_legend_of_zelda,central water surrounded by floor ring and outer wall with two doors,395
lode_runner,ground border diggable ground center gold scattered ladders left right rope top enemy right,54,the_legend_of_zelda,square wall border with central floor area,484
super_mario_bros,two ground pyramids separated by gap,77,the_legend_of_zelda,square wall border with large central floor room and two door openings,521
dungeon,central cross path with scattered bats and surrounding walls,37,the_legend_of_zelda,spiral wall corridor around waterfloor channel with door openings,485
lode_runner,ground top band ladders left right rope mid gold scattered center left enemy upper left,62,dungeon,path maze with walls and bats clustered right and lower left,2
the_legend_of_zelda,diagonal wall band across floor with doors top and bottom,216,super_mario_bros,flat ground then rising staircase of breakable block on right with coins above,399
the_legend_of_zelda,large square floor room with four monsters near corners,438,lode_runner,ground border top bottom ladders left center rope mid gold left enemy,557
the_legend_of_zelda,large floor room with central wall pillar and right door,307,dungeon,walls form central maze with bats scattered along paths,15
super_mario_bros,ground platforms split left and right with question block pair upper left,84,dungeon,path loop around central wall with bats clustered left and bottom,554
the_legend_of_zelda,blocks form zigzag diagonal paths across floor inside walls,136,dungeon,spiral path around central wall with bats scattered,272
dungeon,central cross path with scattered bats and surrounding walls,37,super_mario_bros,flat ground with scattered breakable block and question block,12
dungeon,bats scattered around central wall with narrow path openings,454,the_legend_of_zelda,floor with central block diamond pattern and surrounding wall border,169
the_legend_of_zelda,floor grid with diagonal wall bands forming repeating x pattern,356,dungeon,winding central path with scattered bats and surrounding wall,522
the_legend_of_zelda,large square floor room with four monsters near corners,438,lode_runner,ground blocks center right platform ladders left and center rope top gold top left enemy none,473
super_mario_bros,flat ground with cannon left pipe center goombas on pipe and right,422,dungeon,scattered wall blocks with bats on open paths,254
the_legend_of_zelda,large open floor with wall border and right side block cluster near door,525,dungeon,scattered wall blocks with open paths and bats around edges,449
the_legend_of_zelda,floor ring around central block cluster with outer wall and door openings,424,super_mario_bros,flat ground then rising staircase of breakable block on right with coins above,399
lode_runner,ground bottom band diggable ground central blocks gold scattered mid enemy pink left mid rope top,338,dungeon,bats clustered top left and bottom left along walls with central paths,406
dungeon,path zigzag between wall blocks with bats on right edge,471,lode_runner,ground border diggable ground center platforms ladders top center left rope left gold scattered enemy,147
dungeon,walls form scattered blocks with winding paths and bats spread around,90,the_legend_of_zelda,large central floor square surrounded by wall ring and inner block border,25
the_legend_of_zelda,square floor bordered by wall with central block cluster,154,dungeon,walls form central vertical path with bats scattered in open rooms,538
the_legend_of_zelda,square floor ring with inner wall and central water column,445,dungeon,walls form central spiral path with bats scattered throughout,16
lode_runner,ground border bottom diggable ground platforms scattered ladders vertical center left right gold on platforms,466,the_legend_of_zelda,waterfloor spiral around central blocks within outer wall ring,105
the_legend_of_zelda,large open floor room surrounded by wall with door on right,95,super_mario_bros,ground platform center with upper left breakable block row and upper right coin row,486
the_legend_of_zelda,large central floor room surrounded by wall ring with two side doors and bottom door,377,lode_runner,ground border maze diggable ground pockets ladders left center ropes sparse gold clusters left bottom,186
super_mario_bros,scattered breakable block platforms with midair question block cluster,273,dungeon,winding path between wall blocks with bats scattered throughout,441
super_mario_bros,flat ground with cannon left pipe center goombas on pipe and right,422,the_legend_of_zelda,ring wall corridor with monsters clustered center,417
dungeon,walls form central block with bats scattered and paths around edges,483,lode_runner,ground left platforms rope top left ladder top center diggable ground top right gold mid left,244
dungeon,scattered wall blocks with bats along winding paths,304,super_mario_bros,flat ground with two goomba and scattered breakable block platforms and one question block,209
dungeon,central winding path with scattered bats and surrounding wall blocks,555,lode_runner,ground bottom left ladders right rope top gold center enemypink,442
lode_runner,ground border diggable ground left block gold top left enemy bottom left ladders center right,498,the_legend_of_zelda,large open floor room surrounded by wall with two door openings left and right,265
super_mario_bros,flat ground left tall pipe right two goomba on ground and pipe,203,lode_runner,ground left mass diggable ground center right gold scattered enemy top left ladder center rope none,240
the_legend_of_zelda,square floor bordered by wall with central stair,354,dungeon,paths through walls with bat clusters top right and bottom right,389
the_legend_of_zelda,square floor arena with central block cluster and surrounding wall,83,dungeon,scattered wall blocks with open path areas and no bat,365
super_mario_bros,three separated ground platforms with a large ground block on right,99,dungeon,central cross path with scattered bats and surrounding walls,37
the_legend_of_zelda,waterfloor spiral around central blocks within outer wall ring,105,dungeon,central vertical path between wall blocks with bat clusters right and left,30
lode_runner,ground border diggable ground center ladder left rope top gold scattered enemy pink person mid,64,dungeon,spiral wall path with bats scattered inside,73
lode_runner,ground border platforms ladders left and center rope center gold scattered enemy pink center and lower,213,dungeon,bats clustered along bottom center path amid scattered walls,34
super_mario_bros,flat ground with cannon left pipe center goombas on pipe and right,422,dungeon,walls form scattered blocks with winding paths and bats dispersed,170
dungeon,central cross path with walls and bat clusters top left and top right,146,the_legend_of_zelda,checkerboard floor with four block diamond clusters near center,401
super_mario_bros,two separated ground platforms with a lower right ground block and coins,428,the_legend_of_zelda,square floor room enclosed by wall with door openings on left and top,453
super_mario_bros,flat ground with three pipes and two goomba on pipes,79,dungeon,walls form maze paths with bats clustered upper left and lower left,171
dungeon,central path with bat clusters in upper left and lower right walls around edges,504,super_mario_bros,ground platform with central pipe and two goomba on ground,308
the_legend_of_zelda,square wall ring with central water corridor,537,lode_runner,ground top band ladders left right rope mid gold scattered center left enemy upper left,62
dungeon,path zigzag between wall blocks with bats on right edge,471,super_mario_bros,scattered breakable block platforms with coins above and ground gaps,394
the_legend_of_zelda,floor grid with two symmetric block diamond clusters near center,470,lode_runner,ground bottom ladders left gold diagonal right enemy top center,199
the_legend_of_zelda,open floor room with two monsters near center,159,lode_runner,ground border diggable ground left clusters ladder center rope top gold left enemy top,0
dungeon,bat cluster left of central path between walls,283,lode_runner,ground border top right diggable ground left ladder right enemypink person top corners,103
lode_runner,ground platforms across middle and bottom ladder left rope top center gold scattered enemy right middle,13,the_legend_of_zelda,waterfloor maze corridors around central blocks with doors north south,419
lode_runner,ground border diggable ground central ladder rope top gold scattered enemy upper left,26,dungeon,walls form central block with scattered bats and open paths,305
super_mario_bros,flat ground with two cannons and one goomba,5,the_legend_of_zelda,square wall ring with central water corridor,537
dungeon,cross shaped wall with bats scattered around paths,129,super_mario_bros,two rows of question block upper left goomba trio on ground right,144
the_legend_of_zelda,floor with central diamond block cluster inside wall border,546,super_mario_bros,flat ground with scattered breakable block platforms and one question block,182
super_mario_bros,scattered breakable block platforms with midair question block cluster,273,the_legend_of_zelda,two water pools left and right on open floor with south door,187
super_mario_bros,ground pit with central goomba under floating breakable block and overhead ground platform,152,the_legend_of_zelda,open floor with central block cluster and bottom door,190
super_mario_bros,flat ground with two goomba between two pipe,433,dungeon,walls form central spiral path with bats scattered throughout,16
the_legend_of_zelda,square floor room with central water column,215,super_mario_bros,flat ground with central pipe and scattered breakable block platforms and goomba,118
super_mario_bros,flat ground with left stepped hill and midair question block on breakable block row,368,dungeon,scattered wall blocks with bats across open paths,348
lode_runner,ground forms central mass top right diggable ground left gold mid left ladder top left rope,476,dungeon,walls form maze paths with bats clustered in upper rooms and one central,378
the_legend_of_zelda,waterfloor zigzag path through floor grid,192,super_mario_bros,scattered floating breakable block platforms above ground,410
the_legend_of_zelda,open floor room with two monsters centered vertically,225,lode_runner,ground left slope diggable ground right blocks ladder center rope none gold scattered enemy none,211
super_mario_bros,ground platforms split left and right with question block pair upper left,84,dungeon,walls form scattered blocks with bats along paths around center,102
lode_runner,ground border diggable ground blocks center ladder left rope top gold scattered enemy right,444,dungeon,bats scattered across open paths between wall blocks,217
dungeon,scattered wall blocks with bats between on open path,364,super_mario_bros,ground forms stepped pyramid with scattered breakable block platforms,157
the_legend_of_zelda,square floor room with four monsters near corners and right wall door,184,dungeon,spiral wall path with bats scattered near bottom and right,41
lode_runner,ground platforms left and right diggable ground center pit ladders left and center rope top,60,dungeon,spiral wall path with bats scattered inside,73
super_mario_bros,scattered ground platforms with goomba and coins,460,dungeon,walls form scattered blocks with bats on them and winding paths between,355
super_mario_bros,scattered breakable block platforms with coins above and ground gaps,394,lode_runner,ground bottom right mound gold scattered ladder left rope top enemy left,63
super_mario_bros,flat ground with single question block above and breakable block right,446,dungeon,path forms t shape walls with bat clusters in corners,318
super_mario_bros,ground platform with left ledge and central vertical wall goomba pair,33,the_legend_of_zelda,large floor room enclosed by wall with central empty area,109
lode_runner,ground border diggable ground left rope left ladder center right gold scattered enemy left,533,dungeon,scattered wall blocks with winding path and bats clustered in open rooms,387
super_mario_bros,ground at bottom with brick ceiling and question block cluster right with coins,352,lode_runner,ground border diggable ground center platforms ladders top center left rope left gold scattered enemy,147
the_legend_of_zelda,central vertical floor corridor with monsters inside surrounding wall ring,172,super_mario_bros,stepped ground platform descending right with empty sky,66
the_legend_of_zelda,large open floor room enclosed by wall with one door on right and one door bottom,391,dungeon,bats clustered along right wall with central winding path,48
the_legend_of_zelda,large open floor room enclosed by wall with two door openings top and bottom,367,dungeon,path maze between wall blocks with many bats scattered,124
the_legend_of_zelda,square wall ring with large central floor area,155,super_mario_bros,flat ground with scattered breakable block platforms and question block cluster right,59
dungeon,walls form central block with surrounding paths and scattered bats,174,the_legend_of_zelda,large open floor with central wall pillar and right door,431
dungeon,wall grid with scattered rectangular path gaps,403,the_legend_of_zelda,large open floor room enclosed by wall with door at bottom,315
the_legend_of_zelda,large square floor with central blocks and wall border openings,341,dungeon,walls form central open area with bats around edges and bottom path,122
dungeon,walls form winding path with bats clustered bottom left,440,lode_runner,ground borders diggable ground center ladders vertical rope left gold scattered enemy upper center,242
dungeon,walls form central maze with bats scattered along paths,15,the_legend_of_zelda,square floor room with central block cluster and top bottom door,381
dungeon,walls form central block with right looped path and scattered bats,197,the_legend_of_zelda,wall border enclosing large central floor area,286
super_mario_bros,two ground pyramids separated by gap,77,lode_runner,ground maze with ladders ropes gold scattered enemy top center,451
super_mario_bros,flat ground with scattered goomba clusters,45,lode_runner,ground bottom left diggable ground central gold scattered ladder left rope top,351
lode_runner,ground border diggable ground center ladder left rope mid gold right enemy top,535,dungeon,walls form maze with winding paths and scattered bats,223
super_mario_bros,two ground platforms left and center breakable block ceiling right two coins above center,313,the_legend_of_zelda,large central floor room surrounded by wall ring with right door opening,140
super_mario_bros,flat ground with right question block row and goomba,222,the_legend_of_zelda,water forms large rectangular ring around central floor corridor,288
lode_runner,ground border left bottom right diggable ground clusters top mid rope top ladder right gold scattered,81,super_mario_bros,scattered ground platforms with goomba and coins,460
the_legend_of_zelda,large square floor ring around central block void with outer wall openings,86,super_mario_bros,ground pit with central goomba under floating breakable block and overhead ground platform,152
dungeon,scattered wall blocks with bats spread across open paths,479,the_legend_of_zelda,open floor with four central blocks and bottom door in surrounding wall,56
super_mario_bros,ground platform left with tall breakable block column and goomba coin pair right,260,the_legend_of_zelda,large central floor room surrounded by wall with door openings top bottom right,93
dungeon,two bat clusters separated by open path,509,the_legend_of_zelda,checkerboard floor with four block diamond clusters near center,401
dungeon,bats clustered top left behind wall with winding path corridors,32,the_legend_of_zelda,rectangular wall border with inner water pool surrounded by floor corridor and side doors,80
the_legend_of_zelda,central block diamond cluster with monster near top and right door,362,lode_runner,ground border diggable ground center ladder left rope mid gold right enemy top,535
the_legend_of_zelda,central wall blob with four monsters on floor and door bottom,430,dungeon,walls form scattered blocks with winding paths and bats dispersed,376
dungeon,walls form central loop path with bats around it,311,super_mario_bros,stepped ground platform descending right with empty sky,66
super_mario_bros,staircase ground rising left to center with floating breakable block platforms,539,dungeon,scattered wall blocks with bats spread across open paths,479
the_legend_of_zelda,square floor with central diamond block pattern and one monster near top,379,lode_runner,ground left platforms ladder far left gold lower left enemy right center rope mid,488
super_mario_bros,ground platform with tall vertical wall left and two floating breakable block clusters right,497,dungeon,walls form central block with bats scattered and paths around edges,483
lode_runner,ground border diggable ground center ladder left rope top gold scattered enemy pink person mid,64,super_mario_bros,ground forms stepped platform left then long flat ground right,120
dungeon,maze like wall corridors with bats along central path,357,super_mario_bros,ground platform with central pipe and two goomba on ground,308
super_mario_bros,scattered coin pairs above small breakable block platforms on ground,375,the_legend_of_zelda,spiral waterfloor channel inside square floor with outer wall and two door,219
super_mario_bros,flat ground with central pipe and scattered goomba,262,lode_runner,ground border maze diggable ground central blocks ladders vertical mid right rope top left gold,193
dungeon,walls form scattered blocks with bats on them and winding paths between,355,the_legend_of_zelda,open floor with scattered blocks and central stair door at bottom,508
the_legend_of_zelda,central stair with scattered blocks on floor inside surrounding wall,238,dungeon,walls form maze paths with bats scattered mostly along paths,212
super_mario_bros,ground platform left with tall breakable block column and goomba coin pair right,260,dungeon,central open area surrounded by wall with bats along edges and sparse paths,89
lode_runner,ground border diggable ground top right rope mid ladder center gold scattered enemy right,380,dungeon,path maze between wall blocks with many bats scattered,124
lode_runner,ground border diggable ground right column gold top center enemy mid right ladder left rope top,7,the_legend_of_zelda,diagonal wall band across floor with doors top and bottom,216
the_legend_of_zelda,square floor room enclosed by wall with door openings on left and top,453,super_mario_bros,flat ground with scattered question block rows and one pipe right,38
dungeon,walls form maze with central open area and winding paths for bats,515,the_legend_of_zelda,waterfloor maze corridors around central blocks with doors north south,419
the_legend_of_zelda,square floor bordered by wall with central stair,354,lode_runner,ground left mass diggable ground right platforms ladder center rope top gold right enemy right,194
dungeon,maze of walls with many small paths and scattered bats,402,the_legend_of_zelda,large open floor room enclosed by wall with two door openings top and bottom,367
the_legend_of_zelda,large floor room enclosed by wall with door at bottom center,230,lode_runner,ground border maze diggable ground scattered gold mid left enemy left ladder center rope right,293
super_mario_bros,ground platform with left ledge and central vertical wall goomba pair,33,dungeon,walls form outer square with central cross path and scattered bats,210
the_legend_of_zelda,square floor room with central blocks and side doors,168,lode_runner,ground bottom band diggable ground mid blocks ladders left and right ropes none gold scattered,516
dungeon,walls form central blocks with bats clustered in lower left and right,257,lode_runner,ground bottom and right diggable ground center rope left ladder left gold scattered enemy pink person,96
super_mario_bros,ground with two goomba left pipe center cannon right,8,the_legend_of_zelda,large open floor room with two monsters centered vertically,500
dungeon,central path between wall blocks with bat clusters left and right,503,lode_runner,ground bottom left diggable ground central gold scattered ladder left rope top,351
dungeon,central vertical wall with cross paths and bats around edges,178,the_legend_of_zelda,central floor room with two wall pillars and four monsters near middle,153
lode_runner,ground left and bottom gold center ladders top right rope top left,150,the_legend_of_zelda,open floor with scattered blocks and walls around edges,10
the_legend_of_zelda,central floor room with two wall pillars and four monsters near center,301,super_mario_bros,three brick platforms scattered upper right and center with small lower center block and coins left and,161
the_legend_of_zelda,floor grid with two symmetric block diamond clusters near center,470,super_mario_bros,flat ground with gap right and two question block above,420
dungeon,two bat clusters separated by open path,509,lode_runner,ground border diggable ground central block gold left and right enemy top center ladders sides,297
the_legend_of_zelda,large square floor room enclosed by wall with central stair,255,dungeon,maze like wall corridors with bats along central path,357
dungeon,walls form maze paths with bats clustered in upper rooms and one central,378,the_legend_of_zelda,square floor room with central blocks and right wall door,543
dungeon,walls form scattered blocks with winding paths and bats dispersed,170,the_legend_of_zelda,central stair surrounded by scattered blocks on open floor within walls,177
super_mario_bros,ground forms tall left wall then long flat platform with small right step,482,the_legend_of_zelda,open floor room with scattered monsters and central block cluster,160
dungeon,scattered wall blocks with bats on open paths,72,super_mario_bros,two pipes on ground with goombas between and on left pipe,303
the_legend_of_zelda,spiral waterfloor channel inside square floor with outer wall and two door,219,lode_runner,ground border diggable ground central blocks ladders vertical shafts gold scattered enemy lower left,300
super_mario_bros,flat ground with tall pipe right and two question block rows left,461,the_legend_of_zelda,square floor room with four monsters near corners and doors top bottom,511
dungeon,scattered wall blocks with open paths and bats around edges,449,the_legend_of_zelda,large open floor room surrounded by wall with door on right,95
dungeon,walls form scattered blocks with winding paths and bats dispersed,376,the_legend_of_zelda,square wall border with large central floor room and two door openings,521
super_mario_bros,two rows of question block upper left goomba trio on ground right,144,the_legend_of_zelda,spiral wall corridor around waterfloor channel with door openings,485
dungeon,two bat clusters separated by open path,509,the_legend_of_zelda,open floor room with two monsters centered and door at bottom,207
dungeon,scattered wall blocks with bats across open paths,531,lode_runner,ground border diggable ground center ladder left rope mid gold right enemy top,535
dungeon,central horizontal path with scattered bats and wall blocks,87,the_legend_of_zelda,square floor room enclosed by wall with door openings on left and top,453
the_legend_of_zelda,open floor with diagonal blocks from left to center and a door on left wall,290,super_mario_bros,flat ground with gap right and two question block above,420
dungeon,scattered wall blocks with open paths and bats around edges,449,the_legend_of_zelda,square wall ring enclosing empty floor area,494
super_mario_bros,ground forms tall left wall then long flat platform with small right step,482,dungeon,walls scattered in blocks with many short paths between them,74
lode_runner,ground bottom band diggable ground left and center blocks gold row left enemy right ladder top,542,dungeon,scattered wall blocks with winding path and bats throughout,492
the_legend_of_zelda,large open floor with wall border and right side block cluster near door,525,lode_runner,ground bottom strip ladder left rope center gold top clusters enemy top left,437
dungeon,walls form central winding path with bats scattered around,325,super_mario_bros,ground with long breakable block platform top center and small breakable block ledge right,502
the_legend_of_zelda,large floor room with central wall pillar and two side doors,319,dungeon,central winding path with scattered bats and surrounding wall blocks,555
dungeon,walls form maze of paths with bats scattered throughout,139,the_legend_of_zelda,square floor room with border wall and scattered blocks,448
super_mario_bros,ground forms left wall and bottom floor with small step on right,328,the_legend_of_zelda,spiral wall corridor around waterfloor channel with door openings,485
dungeon,winding path through scattered wall blocks with bats in open areas,475,the_legend_of_zelda,large square floor room enclosed by wall with two monsters centered vertically,296
the_legend_of_zelda,square floor room with wall border and two blocks inside,148,lode_runner,ground platforms across middle and bottom ladder left rope top center gold scattered enemy right middle,13
the_legend_of_zelda,square floor room enclosed by wall with two monsters centered vertically,333,super_mario_bros,flat ground with left stepped hill and midair question block on breakable block row,368
super_mario_bros,ground floor with central breakable block platform and coins above,228,the_legend_of_zelda,open floor room with two monsters centered and one door bottom,513
the_legend_of_zelda,open floor room with two monsters centered and one door bottom,513,super_mario_bros,ground floor with central breakable block platform and coins above,228
the_legend_of_zelda,large square floor with scattered blocks and right wall door,536,lode_runner,ground border diggable ground central columns gold mid right enemy top left ladder bottom left rope,312
the_legend_of_zelda,large open floor room enclosed by wall with one door on right and one door bottom,391,lode_runner,ground top band ladders left right rope mid gold scattered center left enemy upper left,62
lode_runner,ground platforms left and right ladder center rope top gold scattered enemy top center,299,dungeon,spiral path around central wall with bats scattered,272
lode_runner,ground border diggable ground central block gold left and right enemy top center ladders sides,297,dungeon,path zigzag between wall blocks with bats on right edge,471
the_legend_of_zelda,spiral waterfloor channel inside square floor with outer wall and two door,219,dungeon,bats scattered along winding paths between walls,345
lode_runner,ground border left bottom right diggable ground clusters top mid rope top ladder right gold scattered,81,the_legend_of_zelda,large floor room with four block pillars and two door openings,277
dungeon,central vertical wall with cross paths and bats around edges,178,lode_runner,ground border left and bottom diggable ground right wall gold scattered upper left enemy center bottom,278
the_legend_of_zelda,square wall ring with central floor area and two door openings,179,dungeon,winding path through scattered wall blocks with bats in open areas,475
the_legend_of_zelda,square floor room with wall border and two monsters centered,463,super_mario_bros,ground at bottom with brick ceiling and question block cluster right with coins,352
the_legend_of_zelda,square floor room with central block cross and four corner blocks,245,lode_runner,ground platforms across middle and bottom ladder left rope top center gold scattered enemy right middle,13
dungeon,walls form e shape with bats scattered along paths,236,super_mario_bros,flat ground platform with three goomba and small raised breakable block ledge,43
super_mario_bros,ground forms stepped pyramid with scattered breakable block platforms,157,the_legend_of_zelda,large central water pool surrounded by floor and outer wall,550
super_mario_bros,two pipes on ground with goombas and small breakable block platforms above,268,lode_runner,ground bottom left ladders right rope top gold center enemypink,442
the_legend_of_zelda,large open floor room enclosed by wall with single door at bottom,119,super_mario_bros,two ground platforms left and center breakable block ceiling right two coins above center,313
dungeon,square spiral wall path with bats scattered inside,220,super_mario_bros,ground platform with tall vertical wall left and two floating breakable block clusters right,497
lode_runner,ground border maze diggable ground scattered gold mid left enemy left ladder center rope right,293,the_legend_of_zelda,square floor room enclosed by wall with central block,353
dungeon,bats clustered top left behind wall with winding path corridors,32,the_legend_of_zelda,square floor arena with central block ring and four side doors,310
dungeon,scattered wall blocks with winding path and bats throughout,492,lode_runner,ground border diggable ground center ladder left right rope top gold scattered enemy center,316
super_mario_bros,staggered brick platforms with question blocks left and tall brick wall right,173,dungeon,walls form maze paths with bats scattered in open rooms,332
dungeon,wall band across middle with bats clustered top and along wall path,234,the_legend_of_zelda,square floor room with central block cluster and surrounding wall,456
dungeon,spiral wall path with bats clustered near center,116,the_legend_of_zelda,square floor room with central blocks and right wall door,543
lode_runner,ground bottom band ladder center gold left enemypink person upper center diggable ground,320,super_mario_bros,ground staircase left goomba on steps tall ground wall right,78
the_legend_of_zelda,large open floor room surrounded by wall with two door openings left and right,265,dungeon,scattered wall clusters with bats spread across open path,270
the_legend_of_zelda,ring wall corridor with monsters clustered center,417,super_mario_bros,ground along bottom with three goomba and scattered question block and breakable block above,285
the_legend_of_zelda,large square floor room with four monsters near corners,438,dungeon,walls form scattered blocks with bats on them and winding paths between,355
super_mario_bros,flat ground with gap right and two question block above,420,dungeon,walls form outer square with central cross path and scattered bats,210
dungeon,walls form central blocks with bats clustered in lower left and right,257,super_mario_bros,flat ground with three goomba spaced and tall right wall,324
dungeon,scattered wall blocks with bats along winding paths,304,lode_runner,ground platforms left and mid rope right ladder center gold top center enemy left mid,247
lode_runner,ground border diggable ground central rope right ladder left gold upper enemy lower,164,the_legend_of_zelda,open floor room with two monsters centered vertically,225
the_legend_of_zelda,floor grid with scattered blocks inside surrounding wall,259,lode_runner,ground border diggable ground left wall platforms gold scattered upper mid enemy mid rope top ladder,344
super_mario_bros,rising ground staircase slope with left floating ground platform,206,dungeon,spiral wall path with bats around edges and inside,413
lode_runner,ground bottom band diggable ground mid blocks ladders left and right ropes none gold scattered,516,super_mario_bros,scattered ground platforms with a pipe on left and a cannon on right,390
dungeon,maze of walls with many small paths and scattered bats,402,the_legend_of_zelda,open floor with four central blocks and bottom door in surrounding wall,56
dungeon,walls form maze paths around scattered bats,392,super_mario_bros,staircase ground rising left to center with floating breakable block platforms,539
super_mario_bros,ground forms tall left wall and long bottom platform with small right step single breakable,14,dungeon,cross shaped wall with bats around and open path edges,227
super_mario_bros,ground across bottom with goomba left and question block row above,393,lode_runner,ground border diggable ground central right rope ladder center gold scattered enemy left center,1
lode_runner,ground border diggable ground central rope right ladder left gold upper enemy lower,164,dungeon,maze like walls forming winding paths with scattered bats,361
the_legend_of_zelda,square floor with central diamond block pattern and one monster near top,379,super_mario_bros,two ground pyramids separated by gap,77
dungeon,wall maze with central path and bat clusters left and right,4,lode_runner,ground border diggable ground mid band ladder left and center rope right gold upper left enemy,231
